sigma,x,y,theta,w
0.0,1.520126149124869,5.493028431611637,-0.9241366582295165,0.7
0.0,13.441042828588994,1.5736297610912688,-0.312668840802858,0.7
0.0,7.026358450539484,7.584415209671462,-0.7836867540114995,0.7
0.0,11.590174336685106,19.2112298018484,-0.19381568798648932,0.7
0.0,19.553121560522406,7.0012718879753555,-0.6001781332151367,0.7
0.0,13.0566299636799,15.20323794121442,-0.6930148296356118,0.7
0.0,12.72470460302301,16.968169888635668,-0.3783312888845424,0.7
0.0,3.80747157566365,6.232668814301194,-0.7723839104360394,0.7
0.0,11.614698791332877,13.47585241524008,-0.2830080055420715,0.7
0.0,14.682593280949868,12.606512536897455,-0.6702935580705618,0.7
0.0,11.61033893422026,5.24924672132369,-0.41057806534756824,0.7
0.0,4.214388070269213,5.4474911794381935,-0.7249225511900721,0.7
0.0,18.564140555110736,8.0761345126548,-0.4715801173108062,0.7
0.0,4.67573109232918,6.863588694980996,-0.6953355890659336,0.7
0.0,11.127802026233953,0.9012238998762108,-0.11622176638197335,0.7
0.0,11.407040640830557,17.814057924963038,-0.238068932131729,0.7
0.0,5.9225432955026,7.412456144299125,-0.7715323632838008,0.7
0.0,12.87383615055564,11.64326789473352,-0.6789769376559625,0.7
0.0,11.013820242285822,4.5017850968536255,-0.6593239688572956,0.7
0.0,13.54859807062972,19.83634146622473,-0.23553649569329843,0.7
0.0,7.458183726071192,4.058860593898302,-0.5435364985222637,0.7
0.0,8.14013086134525,5.361814166973466,-0.7459213863562466,0.7
0.0,14.658117591990472,12.475769605379346,-0.6587867676126098,0.7
0.0,16.84562975228822,2.3349077031568686,0.10397958079050777,0.7
0.0,6.048217089186802,6.7260079376189355,-0.4952962000819685,0.7
0.0,13.993572927151897,17.6155795311576,-0.04087134501134135,0.7
0.0,4.148749584984379,8.038843682350505,-0.6317278010626657,0.7
0.0,14.103059939054784,11.02068897896989,-0.7462004176233408,0.7
0.0,0.006589942456059816,15.145074592865173,-0.39860003091609875,0.7
0.0,15.54588721259631,19.446141777543303,0.0965575035414072,0.7
0.0,12.20596019722667,16.907399483333684,-0.3879836791323517,0.7
0.0,11.33549188575757,1.346626253416463,-0.12014337524031538,0.7
0.0,10.895122606035152,0.37423896672072504,-0.40044894583660595,0.7
0.0,17.550144978490824,15.582700143511902,-0.595348152671548,0.7
0.0,14.408145856328607,19.64491841744554,-0.03264101059830049,0.7
0.0,13.512397096110336,2.2425831113765704,-0.3628006956632808,0.7
0.0,19.34723911080653,11.778413535765464,-0.30877267200394065,0.7
0.0,10.687181573342194,19.286868480014963,0.07167617177953145,0.7
0.0,4.075400287098879,3.3228470852839043,-0.6988598659831657,0.7
0.0,17.382574161321134,18.511712163419926,-0.25030730764126846,0.7
0.0,5.433810079820354,4.899520300369902,-0.7619095698001569,0.7
0.0,9.676672972773906,2.1713329946699034,-0.5271574962678294,0.7
0.0,5.1568258916415495,6.228691917165055,-0.5613357486826418,0.7
0.0,9.634907449957714,14.690618143750985,-0.1371945293131424,0.7
0.0,18.878745618024833,11.240297580765004,-0.5272122246058584,0.7
0.0,11.453446357155958,18.12410792204417,-0.13027187106115654,0.7
0.0,5.719940063471353,6.419617300972232,-0.5854526105908233,0.7
0.0,14.091334647813994,19.607637383048246,-0.30936885072195613,0.7
0.0,10.70879340203533,0.15682058315981914,-0.36150013031970807,0.7
0.0,13.17731869851449,19.628008167894055,-0.33150240755044247,0.7
0.0,14.427026959046016,12.152552272150666,-0.7396766822503247,0.7
0.0,7.544010420852058,12.110715758868391,-0.14170051874605064,0.7
0.0,14.659480781049497,18.517371008331054,0.04277745072300779,0.7
0.0,18.514947713271443,10.939113249390036,-0.38359740684400334,0.7
0.0,7.934400650160849,1.3741565718275985,-0.49402599555745796,0.7
0.0,13.36102744195997,2.1224636706287128,-0.6028329555031727,0.7
0.0,14.944012653460371,11.122153431351448,-0.8569186685153506,0.7
0.0,12.735906529361555,14.755777529364938,-0.4080560762648673,0.7
0.0,12.982791044744667,16.743701978638633,-0.22650337527593017,0.7
0.0,14.507193097808,13.179060478948957,-0.487394046031852,0.7
0.0,15.833468516018696,12.2159782926538,-0.6037226099266952,0.7
0.0,8.343324730290137,6.9840050512922796,-0.8724188974298694,0.7
0.0,11.888249069344623,3.7321702364875424,-0.21010646780964742,0.7
0.0,14.581880891557613,0.8596124422439423,-0.1253072065415899,0.7
0.0,14.499333298261215,18.087111053024103,-0.09888591321055337,0.7
0.0,15.669339502945105,15.952775693325096,-0.6818203992221863,0.7
0.0,9.73923306774462,2.4606177162090943,-0.4876159244084653,0.7
0.0,16.0824099750936,12.423752878233932,-0.7889643800231211,0.7
0.0,7.126576351673899,6.603838838250564,-0.6161858009335617,0.7
0.0,15.637790275132144,14.14774059904989,-0.6758470801816592,0.7
0.0,11.97210732567698,16.80133090675011,-0.3327467560101071,0.7
0.0,10.882362735023733,14.454067148297485,-0.43161892923836415,0.7
0.0,19.0657881914615,11.198957944355751,-0.4949081366153581,0.7
0.0,6.9954717242761575,7.686956809811879,-0.8584962101404091,0.7
0.0,13.692972961390579,15.4624696016791,-0.493197392477593,0.7
0.0,13.519406673972856,14.263983296589721,-0.6751283900681171,0.7
0.0,17.42959272533337,13.09055010592364,-0.6916468116110428,0.7
0.0,15.040098630336654,1.9930265104322462,0.012464350432113969,0.7
0.0,18.508269888622095,12.092740300781328,-0.2668221103464407,0.7
0.0,12.846938804251279,0.0341857384141014,-0.21195433716458006,0.7
0.0,16.57149242874753,13.76972485982094,-0.5852548138563357,0.7
0.0,5.075800005663698,6.244095468973516,-0.5337383370077134,0.7
0.0,8.47287186278028,2.720909005627601,-0.5338476025633087,0.7
0.0,9.803420355026724,16.38535055011842,-0.4672764721415666,0.7
0.0,10.79052348185648,19.810521279696573,-0.022563689008844742,0.7
0.0,6.463121812460205,5.907499728076815,-0.619701455491757,0.7
0.0,10.539997720999189,19.73168576138057,0.05164202843844491,0.7
0.0,6.911524645860972,7.28110286354141,-0.6515750688004845,0.7
0.0,5.981164897928234,7.917936479276554,-0.45887098155695283,0.7
0.0,13.805989344007335,15.386955504031413,-0.6867475541503121,0.7
0.0,17.61016298369512,10.733931104620897,-0.5537399023970702,0.7
0.0,19.31219866602106,12.737780719801274,-0.4456936535788842,0.7
0.0,10.168093002138445,5.759176698760682,-0.4181063796320359,0.7
0.0,5.511361874879358,6.1338264856287505,-0.561984281957857,0.7
0.0,11.626372034348819,1.4215100581221174,-0.19329948892157994,0.7
0.0,7.4503425491365896,4.384874865107134,-0.5563233944951212,0.7
0.0,16.16349701172813,2.5793880058083714,0.13063580939302954,0.7
0.0,18.99004663028045,12.64133312852045,-0.6680822046009214,0.7
0.0,7.52800833064943,3.493327132195977,-0.7500804075478567,0.7
0.0,19.39272337547463,7.979592488874295,-0.5216872264705757,0.7
0.0,4.1395154730924535,4.863673587520973,-0.6304527330668086,0.7
0.0,10.938381540910537,19.61298565138001,0.05870861763821919,0.7
0.0,10.77036869996379,5.953160723376553,-0.29539417434759885,0.7
0.0,6.271546144916328,2.234220022727712,-0.49158077687622037,0.7
0.0,11.495416974386425,12.014274942983674,-0.6596701717855793,0.7
0.0,0.4089861357438976,10.259282417459108,-0.6182468812620553,0.7
0.0,9.945757801896459,0.8479800079511468,-0.06044757883038704,0.7
0.0,5.675299516177033,6.288761992580168,-0.7970438334941952,0.7
0.0,9.732556478107947,16.54233543846518,-0.5061637465281232,0.7
0.0,18.26525946057072,14.925794458533245,-0.38961905865191554,0.7
0.0,11.0735406455963,17.705084047956166,-0.2710178856412927,0.7
0.0,10.438779842484898,18.062117829585983,0.05135346122944706,0.7
0.0,4.403902640213461,6.379869932319686,-0.5839316671926222,0.7
0.0,9.263607443498264,7.001454427094468,-0.844088569878231,0.7
0.0,12.409103297835196,4.024968760769704,-0.3164384655507985,0.7
0.0,16.60415857002543,16.95400814884714,-0.4952496913062234,0.7
0.0,8.812042115853723,1.1662096900747785,-0.17564138765117399,0.7
0.0,4.028927118351015,5.4590357028596594,-0.6784617835789933,0.7
0.0,11.969661263770762,2.2353581748911977,-0.298779908511445,0.7
0.0,14.49430426677051,14.610736687634846,-0.46265849936177517,0.7
0.0,5.466281256176593,5.806429205776131,-0.7785518939893781,0.7
0.0,18.704370270531253,7.649763518645955,-0.48876015069711615,0.7
0.0,5.478532069101922,5.021175832997745,-0.7924194887301227,0.7
0.0,12.967008244997617,0.7050115864529308,-0.07856797253248571,0.7
0.0,15.243652431537372,13.0868081075562,-0.5749042190616926,0.7
0.0,10.64522260383051,18.65776826418183,0.08402571696546116,0.7
0.0,7.486880024413094,4.917481323275743,-0.6467914715830523,0.7
0.0,19.550249497940126,9.523767731761367,-0.5200349928915917,0.7
0.0,19.428593406738916,10.985713544111377,-0.4662208778098805,0.7
0.0,9.588208167750542,2.573795724367444,-0.2254344761071122,0.7
0.0,13.501496255765936,2.108359680716472,-0.6867754285512897,0.7
0.0,1.8385839452530084,6.7933944705884155,-0.8462909022294094,0.7
0.0,12.840446347602272,12.417686603842737,-0.36083197994165683,0.7
0.0,8.901978927838815,11.436626719637506,-0.23466066439709854,0.7
0.0,19.457327588997682,8.981878178331636,-0.5924450590163304,0.7
0.0,10.639535237140851,13.68887615249952,-0.22775663586266748,0.7
0.0,13.253578071918716,1.3994848225900736,-0.3716669348500757,0.7
0.0,16.552321367161795,14.060103802917023,-0.7535488793981984,0.7
0.0,12.680935134002329,2.8386352714048346,-0.43401252341386143,0.7
0.0,10.54794023249357,12.312323321075729,-0.5195150523508543,0.7
0.0,13.095688197565176,14.306449452663536,-0.3459665147847064,0.7
0.0,7.368959846346128,6.308481195554268,-0.8265456798000265,0.7
0.0,13.69374828488897,2.147547734485708,-0.6951105986217975,0.7
0.0,13.998023801002407,18.29136391550815,-0.3939158258581919,0.7
0.0,11.977419744480676,15.82197257605559,-0.3624583046060206,0.7
0.0,12.225495226528352,13.485098701711205,-0.5608526129117081,0.7
0.0,13.91557516657433,17.796671839731108,-0.15984428290429903,0.7
0.0,8.901267072138218,13.349009865043913,0.012779828735074827,0.7
0.0,9.483055397029732,0.9644993434804565,-0.1676331404987946,0.7
0.0,14.805150910576701,10.074981540068933,-0.6173787304290069,0.7
0.0,5.149851578891129,3.700453465637445,-0.7401720829662265,0.7
0.0,17.957613308381866,15.030178435097403,-0.4341627935932796,0.7
0.0,16.23883838326031,12.13450745164965,-0.3696919928042284,0.7
0.0,13.515353975928988,9.499098079451118,-0.4939295078389343,0.7
0.0,13.29016421324,2.834578556008769,-0.6347615742018728,0.7
0.0,15.049248682324816,0.7932966369477837,-0.02020498389986175,0.7
0.0,5.858461741669008,1.4980376170161396,-0.6286358266899358,0.7
0.0,7.385724318236999,4.39297192468298,-0.42519585823075745,0.7
0.0,7.667946976183905,2.220051238272571,-0.5761617152664662,0.7
0.0,10.254465332959963,4.136257782274039,-0.20729710948581648,0.7
0.0,6.1845042952583045,8.327639366039138,-0.6017817147496056,0.7
0.0,6.810022835708322,2.887258205690345,-0.6206789495114472,0.7
0.0,4.471394182891629,4.58478857334164,-0.6252579507643655,0.7
0.0,8.022231074204472,0.990558274038518,-0.6713386950193593,0.7
0.0,13.541319051194998,0.525731953205796,-0.38905678702118796,0.7
0.0,3.200906758937096,12.426938544208822,-2.6160629123419197,0.7
0.0,5.2958771548792285,7.870890776312381,-0.781921426565097,0.7
0.0,14.182421399925227,12.157900149420437,-0.6081281246888993,0.7
0.0,17.569958856984968,3.3921327543502287,0.3917566463196183,0.7
0.0,14.952036741795174,14.760982989840379,-0.5021530428139767,0.7
0.0,9.47585877270181,17.34133525577473,-0.06635478561524955,0.7
0.0,16.7454443800682,9.849555342715512,-0.5884575893840476,0.7
0.0,11.943937613670112,12.393926712393162,-0.6057812444995079,0.7
0.0,15.636215053664953,16.223701435792798,-0.5350660357594184,0.7
0.0,12.133662349058278,3.792270001505473,-0.4776431675748857,0.7
0.0,14.746287687481761,15.035378170579898,-0.710390702325179,0.7
0.0,14.286974858289355,13.051125216833231,-0.7423083877948295,0.7
0.0,14.568873303796872,13.10767420876715,-0.6165230622387338,0.7
0.0,15.856397401735135,18.53269389770586,-0.27461813888962544,0.7
0.0,17.357955334116255,14.739570330030663,-0.22769712707068523,0.7
0.0,7.94838232791821,13.354797742568888,-0.10481763383758022,0.7
0.0,14.991717411846404,12.681417871770718,-0.6840125245069225,0.7
0.0,16.20108422641807,13.777260005134465,-0.5630246273330733,0.7
0.0,6.218556820879881,5.086167922094727,-0.7342696687815805,0.7
0.0,5.73144337361506,9.189371300898877,-0.4623204077556088,0.7
0.0,16.14247973510371,12.415151897028624,-0.7523134385307233,0.7
0.0,18.493088165828713,9.636747896996543,-0.4755221932621891,0.7
0.0,10.875332827693358,17.91965931899457,-0.29153931734515354,0.7
0.0,0.37173657984157077,11.157788681782103,-0.3592742926650731,0.7
0.0,13.962415278257556,16.200557021592207,-0.24439207596998713,0.7
0.0,12.133909522738621,5.361001725041145,-0.34691331409469106,0.7
0.0,11.167855676671634,4.59219003873903,-0.6576742342151305,0.7
0.0,8.400267704284714,11.996649157055364,-0.3501979200178207,0.7
0.0,13.702986580483948,15.974185754204434,-0.19424747817077642,0.7
0.0,13.406674476364428,0.20600137330204155,-0.44317919546774703,0.7
0.0,0.48178872591178445,14.13358563903372,-0.6371814487324522,0.7
0.0,12.27641928882985,4.508860647170231,-0.39624152033040777,0.7
0.0,16.65251585565078,12.665677457467568,-0.46500043877106334,0.7
0.0,9.209112967729038,2.4080694552705917,-0.3722241180680855,0.7
0.0,4.7916654958581315,9.093303500569775,-0.7826354152429056,0.7
0.3,11.377009253848696,15.213528445961956,2.528891842207825,0.38363334565572
0.3,14.34509058962612,16.07603338552283,3.054121794497688,0.9818494698422356
0.3,5.575226972911998,2.0757059308757717,2.4811812972394782,0.7753682227998637
0.3,7.3983946107006835,2.2187561196830488,2.926344049062269,0.9944854166434466
0.3,13.989772618869276,17.49762597116319,3.1908953607741637,0.6242989832391893
0.3,13.183497523297591,16.77508179786761,3.0681213907591207,0.7891142428749801
0.3,12.76340389243413,16.433918907358485,2.6337531482425436,0.9994187166438111
0.3,11.154407743231017,0.877416730840113,2.9113327407759497,0.7876428291031603
0.3,6.00497912716768,18.90705167918948,3.000380348973514,0.9850957845859479
0.3,10.049018586592508,12.721726928622026,2.8518675910377316,0.23144650740831893
0.3,11.649891087440995,0.5293580106719507,2.881893939595076,0.9418317458365796
0.3,15.283764643255722,13.275110203395936,2.7415336414556464,0.9960898518859929
0.3,13.873961651368067,14.507415926173017,2.5372495132785886,0.7732492207866277
0.3,4.91091129657358,2.5007419650483,2.4689919261808475,0.9144996830467896
0.3,11.725999878864167,19.620371672038765,3.2199512312005036,0.9701756505369622
0.3,13.33723027947157,19.795213262626103,2.831912826838555,0.9999146099936319
0.3,7.037309369697157,19.731154953846534,2.692535489143102,0.9954676999873666
0.3,12.927473869183569,18.335816120834732,2.9007422410506973,0.7963956401288657
0.3,13.892636960243179,16.242705929896736,2.644368024366489,0.5613853087318091
0.3,5.07249867918177,5.179768281158524,2.558160980493377,0.955273159562557
0.3,5.383704385311731,3.7282433149502205,2.5431003988777396,0.9792288208353749
0.3,10.311523995874575,0.9503211493753185,3.1253455587096033,0.7095552415807642
0.3,2.1378669029030175,2.276412805458629,2.301493195185427,0.9381373226707878
0.3,10.912303129791294,19.093418667746437,3.123469749375306,0.9229057026767858
0.3,12.020285019568611,19.190544061689916,3.08074103354541,0.98408576673929
0.3,9.272396026536137,1.4756466538414748,2.970520333022706,0.22857385009875747
0.3,9.918851557433033,15.881303283361431,2.8408728909680825,0.5721106735350123
0.3,4.374157496025623,3.94522359600291,2.5711535362200375,0.8307333032561627
0.3,10.892166376538734,18.795787400761338,2.8217011277764907,0.5765798779751056
0.3,8.569027920349926,5.79979248526759,2.7978844626314547,0.8755652935234658
0.3,16.208554891664363,14.056127549198377,3.0809649111184862,0.9949030819439314
0.3,6.459869608205969,19.156354554384237,2.8500998302566654,0.5069197033111785
0.3,13.472715510517494,18.252096057388947,2.651283064200781,0.1260833143576842
0.3,10.033622288154696,10.825125245212753,2.496706535890718,0.40863828305281774
0.3,7.156095072250539,4.317349805877719,2.834239676310918,0.9928500168418997
0.3,11.110609833999934,13.842496945256952,2.5952118403876834,0.9969831049441615
0.3,7.239352298877525,2.4860661087216167,2.6004949430714825,0.5130032049081952
0.3,11.847489199315628,14.709186502512232,2.890454872460788,0.9988146155360328
0.3,15.615200038890066,19.008050184285462,3.1181553462696776,0.9217338087380341
0.3,13.855549900028072,18.847546824189923,2.8888836536815905,0.9216381340768363
0.3,9.067042645023346,2.2867086190461,2.866283652349511,0.9940307031720212
0.3,8.399338758192966,6.505324161291625,2.800556637190305,0.6573599272178353
0.3,6.897578008590757,5.735265980792483,2.6757135938230823,0.7020031213234297
0.3,6.457758178162073,4.563421463953122,2.8760238473838244,0.1969046684134997
0.3,12.503233526793382,15.75909749171478,2.4806924796478493,0.9928609916668661
0.3,9.23610686546256,5.1358832261958565,2.985289039050591,0.21005534635788203
0.3,19.66582771044733,14.447979211171052,3.0362269011324416,0.8545443034017518
0.3,19.250737210869456,14.310126443773987,3.172168979310752,0.4880059512357139
0.3,10.72964006058871,17.240268085316313,2.657775042827018,0.9576359124880514
0.3,15.703544283366934,17.13528325118573,3.0955466726473997,0.9987793046607139
0.3,12.250595411795967,14.389972138276367,2.7832312023637056,0.3083973840362412
0.3,10.539476977661602,1.5108490358530935,2.906376509755029,0.7008003888986024
0.3,3.392853625436232,2.6711572354715885,2.0517292904321565,0.035952232194991635
0.3,8.168450118832999,15.690291153867243,2.6559121105713097,0.9810166035868427
0.3,12.975600586382091,19.980236879127254,3.21016133645713,0.29755300701492177
0.3,10.111306001378058,15.069142248725,2.517019124365655,0.9973036720895936
0.3,9.654344351778603,1.489359049834257,2.876269361773528,0.24146152116069391
0.3,11.616944102160831,18.981915713339728,3.2208520238825193,0.43348063265219305
0.3,6.07736365753823,18.37153970667617,2.7646669073292425,0.9984384434981907
0.3,6.699502120536271,14.697571787724089,-2.5610129349255675,0.9875179642467704
0.3,15.158592366484807,16.544647315744694,3.033339294008878,0.9797634769825008
0.3,12.297922690492388,15.817333503038002,2.5126341074050034,0.7356378175633548
0.3,4.518778641502811,3.8594064038375384,2.4768927439791044,0.9100670736563468
0.3,5.816173175948977,4.204870845930112,2.7978300858020875,0.9889998347954624
0.3,6.670926743450826,4.161358432865059,2.602196369241729,0.9992883066164326
0.3,10.376093899834645,18.909924004740834,3.127501337961261,0.8389973187431579
0.3,8.562634331362563,1.7847461187821287,2.928092378674583,0.8440363945555656
0.3,13.686507723203386,13.784773124944108,2.425246617192066,0.9057482053720175
0.3,6.2301346779762445,1.7448622598482157,2.682366966623676,0.9503608544955084
0.3,10.942751623416418,2.1070904628003135,3.197997271422164,0.2892744475745383
0.3,11.08698260578073,16.991998100905374,2.8509502906056667,0.9870200438466026
0.3,14.121852481208554,15.296515772943918,3.109467161549582,0.785957632013298
0.3,12.14102898976538,17.07435100264807,2.924478772560442,0.9040057683223316
0.3,11.916740913261155,15.275094502872316,2.5551961056511043,0.9861001245018675
0.3,9.641262552805287,15.95474977808374,2.755882240944527,0.8073293284621508
0.3,6.7074138723075905,18.59095103907549,2.7165230291894655,0.4612411988026346
0.3,6.977005415978249,18.382577997328806,2.760060423772936,0.994002138744241
0.3,13.582328834400604,12.465357604912821,2.388593464566083,0.6428698068098827
0.3,15.02028299567332,16.168317240524626,2.90402230655935,0.8220718456419936
0.3,10.258023055843644,14.158905601909215,2.7018789036415947,0.8073078367786123
0.3,19.779330023693454,13.396696398606132,-3.3750451585479597,0.6308016647414185
0.3,6.289541708961429,19.157995275464774,2.9386020906661443,0.5673475265566946
0.3,9.71537827336924,3.409330956425372,2.9978703441399945,0.6625890963154242
0.3,7.801887358459287,3.274613796009889,2.7002916782702076,0.9970557125508942
0.3,9.383114026805899,14.247637720540459,2.5559097558962947,0.9986793744054749
0.3,8.214985947426552,6.4389166885551985,2.872778906168543,0.9966340733162659
0.3,7.873991304555598,3.3333118361333267,2.410132877449163,0.38204356461974176
0.3,5.264082883191129,7.996979933788944,2.5511056283000086,0.926678683452716
0.3,7.423917211416583,15.675184372731588,-1.6871568948686844,0.0007307292413661626
0.3,3.3700928938523247,15.494591178509982,-2.034387688308822,0.38829049910711083
0.3,15.644823156377415,16.261286437795025,2.8374349602960276,0.9874503330761012
0.3,8.94287898660746,14.926020306032472,2.5762069477782594,0.027193851770892914
0.3,9.108198181856736,13.918428797370519,2.9093211070103786,0.6918226531190957
0.3,6.684603328776108,2.494805850460941,2.5891269512224886,0.9003104161323385
0.3,7.633441442504946,0.7773103540677336,2.997051508576077,0.9997538735303476
0.3,4.582456562298798,3.9782445654558063,2.7822998352789483,0.5808477864312253
0.3,10.886814396707058,17.44966430976956,2.664327862927146,0.9596888625463997
0.3,11.800659185315832,13.090316907897268,2.6013885198693196,0.9690807906189813
0.3,14.648345015744884,19.57188100368767,3.236352819498075,0.8610654647422605
0.3,8.679884651375742,3.2379838597529798,3.1149727527323745,0.29381625098877806
0.3,6.103722848389615,2.0654783430420443,2.5518411283999067,0.8867358567780312
0.3,8.027286932682438,16.864252776036682,2.8572497330805735,0.054032253026128636
0.3,9.865693814294737,19.0111910821202,2.904635580992402,0.7271850957516726
0.3,6.172772644760655,0.8900864348949279,2.832325071628434,0.9671754870425173
0.3,4.729290186687081,3.4126450497603544,2.5488285075945236,0.7766800997736563
0.3,11.305258517996753,17.96478669585174,2.7648748530072265,0.5228848379018936
0.3,3.727252855162762,2.1232778271639074,2.4187602997028987,0.9910229964614496
0.3,8.595910477263422,0.5243359136682624,2.7845001740848776,0.5454117298100474
0.3,4.339173390272373,3.6606805590105593,2.4891705948632077,0.9489523065039889
0.3,5.94663256430141,1.1188866035267548,2.906355365284413,0.9847603039298753
0.3,11.444186661929868,18.904473771936896,3.1405418773604152,0.9491560583075254
0.3,14.768487403584924,17.33642078872562,3.2954478643629415,0.16333747373678859
0.3,8.324039884591565,4.951125993326646,2.583800963552897,0.4263292996900028
0.3,6.3034639645209545,18.379220353776937,2.935858763010523,0.7535595152174245
0.3,16.18718278856475,18.575697803739878,3.0243301855332128,0.920355415368999
0.3,7.2328334214333,3.2605355905223705,2.4160418312237977,0.03820321528438029
0.3,5.061075627231455,19.270693652955984,2.930301311340014,0.7015470998808175
0.3,5.513331810597315,2.240771236689239,2.648903750892038,0.6379244588479993
0.3,7.873530174994143,4.496501260027842,2.334113631914909,0.31465248129760587
0.3,6.18901648576543,3.3775618205166835,2.6701895095966055,0.9772402120974076
0.3,3.776587652786538,2.494213115524273,2.7729537235976114,0.9382517915299872
0.3,10.586271691471831,19.999646493611106,3.075474323572834,0.9729284942410777
0.3,6.330256705132766,3.4638944977163906,2.709491491754914,0.8553957266809256
0.3,7.310401694231336,4.659843472077313,2.4964317676935965,0.398335759914798
0.3,6.963910417309726,19.941869360731555,2.9580956098670805,0.9841651938225563
0.3,11.55113764407472,15.1920015994425,2.4345327990813166,0.47216888366048176
0.3,10.517356198548967,1.038573918410428,2.949585036102551,0.8083839012456947
0.3,8.241363736330275,0.8730197176292969,2.9242450464573486,0.2924439361275636
0.3,6.47156511765489,2.844727959218146,2.626542823551515,0.9059041724137389
0.3,8.997872792589897,19.099662521488543,2.8459287221092446,0.8454084749747941
0.3,8.013515227412654,3.7241952050577463,2.7254305062543476,0.5423420630574286
0.3,8.534673145745128,1.6690686059485873,2.960682613105625,0.3329613537274126
0.3,3.348800123207222,2.5575219325863348,2.5449319701808215,0.8196992996860392
0.3,7.044576471899006,16.70516148080393,3.109821661515752,0.9746436569566045
0.3,14.389712376320253,15.531159542154256,2.9369628041962,0.9448911164507847
0.3,4.011011880479148,1.219629362449573,2.63759436268184,0.9458764456462269
0.3,7.275720477426743,0.8482201992468023,2.6645485524007806,0.6665943766203928
0.3,14.254596100398958,10.433510411555371,-1.5822426414740636,0.009678005951743054
0.3,11.225844069833594,14.04355224335948,2.74994741442398,0.9997421561454866
0.3,2.015592939312569,2.8988159314606747,2.749368802398607,0.8283579392805671
0.3,15.78738122780198,15.101842921880905,3.0475326207903226,0.9966649237431907
0.3,7.304310271174592,0.32697130662480456,2.790340608608619,0.4662356844466012
0.3,10.1027734178567,14.886146796410147,2.82492434367591,0.8483439047340184
0.3,16.339764851498828,15.276991388907094,3.2162819031103016,0.7075579437763576
0.3,5.546164035880801,19.713616101931144,2.8495820262833482,0.9999901573072967
0.3,10.394383379215501,19.694647193501535,2.950257740539767,0.40109447389459213
0.3,12.881315949755644,18.875681194462878,-2.8436260164250653,0.10629062302914104
0.3,3.6243126517194058,15.319711594965643,-1.9651498510550969,0.9152310188144062
0.3,3.975068788090703,0.4475535079363918,2.685796305176832,0.6722903508589722
0.3,10.856997350137874,13.470764780256097,2.55602271375046,0.659745068649436
0.3,10.813658040971147,15.515947898912527,2.174517992976538,0.2752257191786632
0.3,11.659100456991721,16.03415895060407,2.592347842477194,0.8835173909640331
0.3,12.284197691328355,18.197461648296567,2.843682914920973,0.7658318443154184
0.3,8.796349190746737,16.018552319694855,2.93675595333589,0.5918053903406792
0.3,7.934370313034256,3.7206462846852864,2.630934061053767,0.4709686908545367
0.3,5.505224252589043,2.6017424020671958,2.7791827300873155,0.7395639485372416
0.3,5.065423345871764,17.461700885509448,2.553172762742874,0.23441926264364724
0.3,9.014317783501747,5.817286449593397,2.995742775572989,0.9977295663759875
0.3,15.164908399791619,15.601160322805942,2.8514787055945834,0.5550311859783262
0.3,16.25010469935428,16.596648932116693,2.7400697162912406,0.19666999026468338
0.3,16.534387515526436,14.058594504819919,2.769463009707107,0.9004250639579662
0.3,7.440655309768121,3.356962886405228,2.7141047621778585,0.9902585014291394
0.3,4.569213802406386,2.8627518905419036,2.753091294659443,0.9619883435816166
0.3,5.892614362342285,19.25434112151703,2.831515411445752,0.506245483596001
0.3,16.173089100152254,16.12268004811135,3.025846869628488,0.8680570024703593
0.3,8.109725435523968,1.2348124288177658,2.593406268303244,0.9313676799906565
0.3,11.426101991203296,15.96526670030491,2.41934177948185,0.9933868725527564
0.3,4.43128008777344,14.688950182376276,-2.382443099533904,0.9407411751064395
0.3,7.628108803070885,1.7163825135306554,2.489469866352418,0.5340749051180146
0.3,5.6261772210869685,2.4511973753848895,2.7852587093587604,0.6851993550866984
0.3,8.170635992708418,5.360004818000368,2.967267745411204,0.7077482263187845
0.3,9.70515563753357,2.1438601896258924,2.940719945781034,0.9206977045828937
0.3,9.12565790308856,4.2720645079059505,2.6498487481843043,0.8131620078542414
0.3,10.409463998948388,18.784689367503482,2.891165247242264,0.9944261783669248
0.3,11.342014607034011,17.912303406540484,2.7468297615738435,0.24852063985449455
0.3,6.18871037367038,1.737599434019541,2.6171704812987935,0.7837820789553527
0.3,7.39968644244865,0.7486859167952256,2.764342649962743,0.8994048218423257
0.3,4.607960250680195,3.7041194129545336,2.5445451977068525,0.49916191257897113
0.3,5.518587039776122,1.185126304662085,2.5809135200670146,0.7590164458158408
0.3,5.172924432505735,8.263663545999478,2.3821660521076784,0.9996034303733823
0.3,7.962420645157318,2.2252295118391383,2.440287683835348,0.5058586602881724
0.3,8.581003717408116,1.6477151243375598,2.6594245716068046,0.9520078529459594
0.3,11.424853164548836,0.6027311415952614,3.0768208074831342,0.9779542795731359
0.3,4.532679921568836,3.1773984027100233,2.583181148498526,0.7089639406310145
0.3,5.036161845616596,1.7188302324180331,2.8710967074696048,0.6070819277999439
0.3,8.968135395440763,18.629402920759436,3.150433656169809,0.19193067134910505
0.3,5.218654238079541,19.321076110294488,3.0847212985006776,0.8666469089235074
0.3,10.042328582709283,0.08108532316494597,2.955654373256343,0.9989581702247932
0.3,9.613884590988926,10.486947702059082,2.60854710639431,0.3994056584576188
0.3,7.626500878680214,0.49388371854934887,2.6841628501158286,0.7505595455038558
0.3,9.294214440238559,19.888972592516726,3.155407652818676,0.21530858677203912
0.3,8.449415096141248,0.028317308766681308,2.689886729463643,0.532662844618848
0.3,14.000739509709048,17.1624727809897,3.028313736854821,0.9984772828494444
0.3,2.8185762473203093,1.0968991342881962,2.3407292528537957,0.8553462944871317
0.3,14.805973100339292,19.130535802444474,2.8097875942165285,0.8188338496146933
0.3,14.912877470864304,17.409573969724825,2.981292282591003,0.47944618489998553
0.3,15.0620893246212,13.982008533491156,2.902173040241389,0.8744583994636737
0.3,6.546337464889021,2.194903999204247,2.6949416519157903,0.22403873735688593
0.3,6.7037349009973335,2.6859839685428164,2.7577384377307617,0.5864268124127042
0.3,13.214423532108048,17.65853850563121,3.1673236427267315,0.682150337495627
0.4,17.695407289853655,7.061785302066214,-1.133455775552226,0.9998765437084788
0.4,18.87256488870512,3.4337080020327346,-1.0838461591949426,0.9999998585416928
0.4,17.540518322342557,3.4950884653611873,-1.3348926007911612,0.9769366586050314
0.4,1.8230729689356255,2.9272473167879696,-1.303631526611107,0.9997973344770703
0.4,1.5477235647918721,4.646529446076834,-1.3944762416731842,0.9999999999994779
0.4,1.13452848955895,16.851818424545737,-0.40670240817274916,0.00011338569769608564
0.4,1.01376162894146,4.541563819674215,-1.262775623818865,0.9974134645864314
0.4,0.16086042431826109,4.828419079898377,-1.3039168571554427,0.9999999999980372
0.4,2.3305355067698716,5.406828137104031,-1.6403059958256363,0.39477190230301573
0.4,2.151140618668391,5.033159647860008,-1.7574779914586625,0.9999999785506833
0.4,2.58377948725873,9.604947978520913,-1.6051454333284307,0.9999741957533271
0.4,16.12695209956259,10.887938079718587,-1.9939655679593353,0.004964775062259352
0.4,17.381326291475606,2.8961212610021705,-1.202434383253367,0.9800955068263044
0.4,7.816081102495321,3.9396719097383217,-0.502993287236696,0.006370413924355046
0.4,16.529904275001527,8.100220975849266,-1.5106532427126287,0.9999999902544238
0.4,11.532431712809496,14.742174990821207,2.56958941820411,0.0010126090502512886
0.4,17.595611858649715,9.28795235444132,-1.2241750496464308,0.9999999922156715
0.4,12.967330682730479,6.712853869513336,0.17049078526729194,0.11680292903036066
0.4,3.750201529375474,7.4843415996114935,-1.517817881264373,0.999999999951712
0.4,0.1384573855879705,3.237933433540425,-1.0008438410277605,0.9999998189700523
0.4,0.49413674471295427,10.458460403532024,-1.3985966280394884,0.9999910822862963
0.4,0.22506390704651558,3.146041610229239,-1.3925787758173096,0.9629713592123955
0.4,1.5384132075510124,6.349239868646673,-1.5155582958978813,0.38743734285175657
0.4,2.2806861792932094,5.860122074960341,-1.4715462288560497,0.7754473026725149
0.4,7.210275192389137,8.37707983527356,-2.779123164678831,0.016826703789361457
0.4,17.466888524441835,11.637515901954822,-0.9854405863214484,0.07806655923443594
0.4,0.7056990725863451,5.598772067340299,-1.3470873806059487,0.9999970892813488
0.4,9.151923659731674,17.194344039822862,-0.621928361655627,0.020370308505645363
0.4,0.26974588086322326,6.190797167663124,-1.5469851616267962,0.9997141855532128
0.4,1.3878561290574227,7.711860855749993,-1.7342203398983183,0.9999999998312225
0.4,17.584020155694926,2.465508296972523,-1.2745067997218495,0.579228180383055
0.4,1.0310601900024225,2.8933491874328525,-1.1233590567080582,0.9999907075009693
0.4,18.767176319466348,6.886483805836579,-1.0314576484502926,0.9991007101147552
0.4,19.648777019780656,8.623272969841372,-1.556639711417375,1.0
0.4,19.318159015609073,4.32153990188266,-1.0049039372123363,0.13964254368792792
0.4,19.314492899341598,9.769196122215929,-1.0123015315247494,0.09002308694349281
0.4,0.20471882164612634,1.0964604812129226,-1.0549009523386443,0.652907317309138
0.4,15.907092585824358,7.228366157392208,-1.5065681526221892,0.9996597965527929
0.4,0.3422378829712455,4.747462987952507,-1.4013961806796624,0.9999922066384981
0.4,18.866101012898234,7.705330337514368,-1.3821640571130884,0.9999991636499647
0.4,18.54714176853576,4.860085097299108,-1.1244834911454875,0.999997002120188
0.4,19.782119845283987,4.041374801613848,-1.387560894762104,0.9999390702237559
0.4,19.75763574477737,8.511153007063006,-1.2067368804728065,0.9999999772309381
0.4,2.8816375602591124,7.683813489511139,-1.405951401773323,0.9999991224009723
0.4,0.06371348060338225,4.191920032434525,-1.1223348942397786,0.9949628698510541
0.4,13.413587341796294,4.904343876646438,0.5077332188182576,0.0012058474724308326
0.4,0.4796335982563775,7.15609813230081,-1.2098965979627532,0.9994767736373602
0.4,3.4712335163006443,7.452731619691837,-1.3867451186957354,0.9986547896127194
0.4,1.3567130889687407,17.215442728012512,-1.3249421764884488,0.11232613198546187
0.4,1.1443648347999729,7.65101382829947,-1.4092907292977268,0.9999402309902041
0.4,3.049543923398915,7.5133950164696195,-1.7894449597097188,0.4567200512098101
0.4,1.2517910001651928,6.603049606859712,-1.5259047996920474,0.992939764585752
0.4,11.075407854435753,1.9077751884040806,0.3577427384338525,0.02316830574213053
0.4,18.156083558525744,8.207615556858197,-1.6617940589562346,0.045445811105969604
0.4,17.145239304265008,7.824199258087983,-1.1041078281416015,0.9999902009498478
0.4,16.187062790429817,17.039899276374925,1.412110269180543,0.05772982673200009
0.4,0.15821816328076696,5.846146885861777,-1.1790748428365434,1.0
0.4,18.70896558098653,6.076066005035524,-1.2918761392076141,0.9999999994839432
0.4,0.7200718671552175,6.773572244421929,-1.2970317485876612,0.9958248615868218
0.4,4.060548079924008,5.746667507263372,-2.8187885168729707,4.1691629734802104e-14
0.4,0.1831100746802563,4.45408050184597,-1.1961418256103302,0.9774635286483037
0.4,2.159080322093577,9.038190864055776,-1.3238512664840822,0.9517752609928641
0.4,0.013461621416732706,3.968530582241244,-1.3641087046768212,0.7288867883204636
0.4,18.22635622287651,6.5746342266654745,-1.0377858121180985,0.999999999999627
0.4,3.5373589447246028,8.584626464004371,-1.309416822163008,0.985156531957109
0.4,3.1118559609823064,8.45022590246897,-1.398231147188206,0.9967150501631495
0.4,8.38978106591753,11.322592704708821,-2.939306330183307,0.007523544712221567
0.4,2.480855578335103,7.736291165045213,-1.8367696657574295,0.3816512505884995
0.4,17.926992031738376,7.275516861846953,-1.4437412146344464,0.9999999060656429
0.4,0.40097380749359307,17.472822541227572,-0.5549348344259931,0.1078681157967877
0.4,0.4488402453531693,6.483966265158249,-1.3666297389347806,0.9999999999004184
0.4,3.015823971438822,3.901318705512816,-1.3616085770273938,0.9999999999999792
0.4,18.556228727792476,6.48248020803074,-1.3616439803409792,0.30022292596987654
0.4,2.0137544583653706,17.081913930449165,-1.8314425160190035,8.228251409295908e-6
0.4,8.42869369137571,0.1771738111280762,-1.4273900223028804,0.15554817294600834
0.4,3.7423171433675604,7.7360469747073,-1.6264887152007392,0.9985429906555529
0.4,3.7321692580536374,8.273460956835045,-1.6214489660251226,0.9998229195420313
0.4,18.59187027544243,5.599749595189166,-1.0999268007871936,0.9999999075300168
0.4,19.119244251909432,6.261518347038851,-1.1380843578016966,0.6541425166620733
0.4,7.379376626828238,9.783393032238674,-2.59575382655671,0.9999999918548529
0.4,18.938649357994567,7.107184203476415,-1.3821662502572476,0.9999358727466655
0.4,2.455937898817564,6.634797378967466,-1.7157699295614441,0.9999363710212953
0.4,19.07720539435267,10.517013804246263,-0.9999556124150816,0.017755921243314807
0.4,17.70800745106553,7.472545575436687,0.7595966312318729,0.002462242700071658
0.4,19.38775175315102,9.943230081196557,-1.3560047319015465,0.8009144726353665
0.4,2.288273843434809,8.166940278172579,-1.8141847287883928,0.6861160504850697
0.4,2.6109036063571462,6.749495932312672,-1.715392170688801,0.4489936202015836
0.4,1.3607070285229088,6.802139390056881,-1.2643306064016961,0.9999999999961247
0.4,19.022527626403676,4.150346076750986,-0.9393290576091454,0.0652533264346906
0.4,1.4993456449384128,5.239093087909093,-1.4951441008659456,0.999973384070329
0.4,0.09815994366170894,9.63218111188168,-1.4239623066669092,0.999583461668729
0.4,19.669100831716968,4.015565211854369,-1.1271340086394674,0.9999990207025798
0.4,3.0770071842274924,6.5681649873544306,-1.471205129857107,0.9999998006128938
0.4,1.3857192408042889,5.502408327714309,-1.2356759290946684,0.9999908429589883
0.4,0.6474122893703838,4.73769560998767,-1.473516521974686,0.9976076309001725
0.4,3.5803279804274912,8.87478149677635,-1.6657078925211957,0.9745836380429362
0.4,9.071791914702343,19.664913492927685,-1.1127103465784374,0.0015907802957556433
0.4,2.7358489223866598,8.567623679297043,-1.7779906695160095,0.9742042650355622
0.4,17.3443926060579,5.450314751445488,-0.9555117784492698,0.9982174436281366
0.4,2.2259086483055976,5.725000783302783,-1.488625556294247,0.9941028623753424
0.4,0.9341711922512357,0.49249240115748744,-1.2897453041739264,0.11354420147136772
0.4,18.16630754606574,6.668522854703009,-1.1677283013078987,0.9999999999998734
0.4,17.071087540352355,3.7194554503000443,-1.1568883692740808,0.998873547864447
0.4,2.0227638260167127,11.035190039640698,-1.24738411667356,0.007245712066985768
0.4,18.55910966335632,10.224152205416429,-1.2854020004124327,0.17098569264534275
0.4,19.84256483794575,4.537913277918223,-1.0762337684652392,0.9999388047896042
0.4,18.88015932273423,7.181828705307575,-1.0328656172441737,0.9800830628683251
0.4,17.82671562666316,7.926601705931548,-1.266189565532638,0.99781296166596
0.4,16.737634172851966,8.790680156126898,-1.359261953076222,0.9294021109043893
0.4,1.3239320826711702,7.192685091017749,-1.3957900105180339,0.9999924675366739
0.4,18.832578193864087,5.684420618476371,-1.2129981590623289,0.8293277020105678
0.4,17.09146938130509,19.527122874368274,-1.5367138408099583,0.01661980704930066
0.4,18.408483284145998,4.555863328880292,-1.446780127403954,0.6765829327676212
0.4,0.5685748053118369,7.1334112564457595,-1.3559233556656156,0.9993406349143167
0.4,19.095484380041757,3.3218749781745878,-1.3459304493983058,0.9076666680183232
0.4,0.5447383918561305,3.296320934616632,-1.3765427573292985,0.9999999926036914
0.4,13.850440974723025,17.482154642098333,1.612763805097158,0.0035987993153937534
0.4,3.790278546335946,6.707648905361119,-1.3587339708378692,0.9999999999841999
0.4,19.238499954668995,3.953607400128487,-1.450287387712002,0.9999730688634476
0.4,17.654324304384577,9.357806826978461,-1.247787568027087,0.9998298051897645
0.4,17.757679361289178,7.552565915761607,-1.173960207669624,0.9994930225273401
0.4,19.297865235464982,7.348136355826485,-1.3247518649298748,0.279297842850883
0.4,1.296336632800016,7.328683524290065,-1.5200821392309634,0.9998371251518149
0.4,4.369312947286189,0.3270735507015655,-2.7134200910409803,4.1889403821340795e-8
0.4,0.1521907962815215,5.832548626900795,-1.059265648996524,0.9397226441764788
0.4,18.44719892219272,9.518487076113397,-1.2419842291103746,0.3592153028485406
0.4,2.435584832944821,14.770037844017994,0.6018733509851347,0.002099676901174418
0.4,18.944893294972807,5.893736846009395,-0.335472813010654,0.0055484319720424955
0.4,2.7970039078182967,4.665834092496998,-1.1135154738983977,0.5553919910566398
0.4,1.1153610080818648,3.3214568079098528,-1.2007353574858441,0.5832535333461453
0.4,2.096894616856054,5.109496979436618,-1.61164995487704,1.0
0.4,16.77719639630773,10.300663078646618,-1.433862543758063,0.999976474907261
0.4,12.059092989403569,16.807934679781837,1.576672418546674,0.3401079295781275
0.4,18.211463884103594,7.559568045030511,-1.0952275667638913,0.9999999970021457
0.4,1.2148000759432427,8.563574644934775,-1.7038538431451675,0.9999999999998104
0.4,3.039792602652601,6.446761625150844,-1.58838432620518,0.9999999401554502
0.4,19.501701698805423,8.963931192239182,-1.328422453854453,0.7091368370960704
0.4,16.94698931056492,3.4965603335908186,-1.3108093142072488,0.9999999974618955
0.4,3.0967456576141275,8.384632534696769,-1.5219964996054762,0.9999962273619853
0.4,0.773131888070837,4.844138949900036,-1.4334986970672547,0.9916244489635795
0.4,3.6242310595650213,4.9357800376253875,-1.3545057652102848,0.5314607817517527
0.4,17.783264973353933,3.240272475131719,-1.0836171941905461,0.9999999999550013
0.4,16.599614584336724,5.440705341735533,-1.161137805813214,0.18434717971368525
0.4,10.401809871330718,18.295416249926355,-3.122493630360624,0.003017578343247837
0.4,19.292288862527588,4.466550296074941,-1.0783763338405794,0.24340757226005608
0.4,1.8471001238315958,4.745432852791318,-1.3783237721483577,0.4955127190724524
0.4,17.544663688095326,7.39181632097029,-1.1307838989683106,0.9996625847553786
0.4,4.002894279712844,6.593489558360401,-1.328194427139945,0.9663391593066565
0.4,2.231097907807094,2.228487363260163,-1.0550284824011074,0.9999977954885566
0.4,0.18169712227781512,4.15421175952646,-1.1993231343974466,0.9999729161298058
0.4,16.838889226035462,13.238613236160257,0.7473007973270566,5.2535459525544676e-15
0.4,3.9468424541450715,9.99620869254311,-1.510004244243865,0.049788647292952404
0.4,16.38081147329237,9.42951684304448,-1.1987058234585075,0.9248632879212272
0.4,0.19486769723721928,2.1529231619909512,-1.3503920321957508,0.7936630674986065
0.4,17.670481508605743,5.0397317410856175,-1.0694891973677914,0.867004455808598
0.4,0.03385063255040905,7.273947279601842,-1.4571398549953227,0.8911257955439872
0.4,19.2443762148504,4.1765060713979,-1.4355875175748471,0.9999999764272535
0.4,1.1296261394082292,6.172643137511823,-1.4451040560659092,0.9999988058057881
0.4,17.70375645462058,7.527023758863483,-1.1873579487113335,0.9783548948552813
0.4,8.515184549216732,9.084557708629424,-2.760729597227554,0.8647902691478829
0.4,1.9892013097649708,9.72683728363091,-1.7392558886774627,0.12474639435450749
0.4,17.9285522233458,8.830129187978024,-1.0853076578503429,0.99320741112257
0.4,17.965452407548078,2.0886273506029647,-1.3312512111427783,0.970801732256543
0.4,2.436970359412425,7.142187589667782,-1.44242245800588,0.9812587586420202
0.4,1.4305234268797766,5.553157312639218,-1.5868659038189996,0.37847512353110696
0.4,3.2898010548913024,5.414165969007125,-1.2980437842521013,0.5964851298497081
0.4,19.744276243287835,6.266706382554093,-1.0606146527847127,0.7666837783854233
0.4,1.0161043375974979,5.367166379662388,-1.2978138169944118,0.9999961589164977
0.4,3.8439724031140634,5.532149084976409,-1.7634351169862328,0.9999998754727916
0.4,1.1107274473685682,5.133187800752207,-1.5007821326649189,0.9981206299151146
0.4,2.3330323018284576,6.5818568855225275,-1.365430463564924,0.9999972332062423
0.4,18.164881236800486,8.57221396171701,-1.152830995329119,0.9724948894213106
0.4,19.594628339161694,14.762592434537982,0.3329427532745126,0.04357628345139467
0.4,14.807450316312403,2.9060269029468424,-3.4432303612247015,0.0005274393503605807
0.4,17.775345597185538,9.040974333173823,-1.483002041872655,0.9999963973371429
0.4,4.98356078713357,14.83840527885141,1.4491302024001524,4.002023410187365e-9
0.4,5.9940670905937905,7.250387969771286,-1.3579204309009496,0.9971979620442152
0.4,18.651076751278087,3.923003761024438,-1.430708618297428,0.9962075685289455
0.4,4.638147451433728,6.926081255855414,-1.7702954471593273,0.9999999999821465
0.4,18.367607870779665,7.625484312312937,-1.2645417183946632,0.9999999998979741
0.4,0.0345212870007866,4.627262088666898,-1.4920329654591904,0.9999999982030193
0.4,1.2827403360916432,6.9971374602119685,-1.567479540797402,0.9999915138423278
0.4,19.060797334871587,7.1499551693639445,-1.385397630060147,0.9854817365837043
0.4,17.63678577357171,7.883137890518595,-1.059723365527753,0.9999999997645999
0.4,15.806863604529418,8.525005526214727,-1.5476073107111215,0.9999989701198436
0.4,18.604054723016343,8.051825437136499,-1.1980716361679824,0.5162076872153224
0.4,0.5480710009584567,6.132148732337127,-1.2784507103975526,0.9999999977342258
0.4,19.53939783200954,10.683091479543373,-1.180326855852162,0.9999999631793662
0.4,1.817854863925536,4.14282940079238,-1.1587337151609964,0.8286344181904849
0.4,1.0767118830758418,8.300707311049901,-1.5723471309595713,0.9999999999964125
0.4,2.8417280933418265,7.813072842687288,-1.722517799648559,0.9999999353260863
0.4,19.777095889120922,4.194994578834267,-1.1092375592912065,0.999491872673486
0.4,19.133503169496077,6.8852916883370785,-1.1012993488252167,0.9999999980795485
0.4,2.948457688825249,7.882516185083218,-1.5291641579680926,0.9999957019256096
0.4,1.3650822398498386,6.920302631826124,-1.50449599637188,0.9252697897821538
0.4,1.9277261226442757,5.825184351739141,-1.5193991293958975,0.9476472698714452
0.4,0.09007423484422773,2.988005792554439,-0.9173905202121305,0.5981715033056572
0.4,0.29814906452556955,4.0100482063215965,-1.3674754649516774,0.9999999619872472
0.4,2.8490747557526745,5.708338264549484,-1.4999440425109287,0.986239217552757
0.4,1.2161437456703093,5.538123275666255,-1.1965541046118056,0.9993221488428388
0.45,0.45808080046763167,7.840815089100882,2.3029871999742166,1.0
0.45,4.013343031444412,10.584414693037715,-0.4247486858176966,3.410298072190638e-27
0.45,1.3372880938373395,13.287625850203646,2.602031709869427,0.9999999999993083
0.45,1.3651721604073952,15.155790526969357,2.6367713433238156,0.9979266612457559
0.45,9.346758523143174,13.99976488985762,2.808028148207177,0.00927558491728035
0.45,18.352117947247912,9.477493567852587,-0.4346341722172827,1.7670182620334942e-8
0.45,0.3740353979852016,12.672243751640236,2.64475787986692,1.0
0.45,18.712626127160053,2.142200245472138,-2.8015009542249945,1.0
0.45,1.862502840246972,11.973579803517124,2.75717802453918,1.0
0.45,1.4908091651807627,12.460650190186524,2.4900461870832786,1.0
0.45,7.6332187531559335,16.926627865512877,-0.5092953971236237,0.0024908519172172415
0.45,3.86156745046518,5.1530811871296525,-2.606979511771606,8.750179856016486e-21
0.45,19.185785238381985,8.857128144226758,2.773296985119558,0.9999999999999948
0.45,17.8212786912394,9.983320144899084,2.426698972916081,1.0
0.45,17.845991592363607,9.718073229487715,2.5123102957456767,1.0
0.45,0.021942716549961612,9.260956465793278,2.522567628675314,1.0
0.45,6.802267406880718,18.485688851062392,-2.8242765686700846,1.4255430389697958e-7
0.45,18.776399397798162,9.284765068370717,2.6097519777869183,1.0
0.45,4.294135372903875,8.464416408975246,-2.3883718852060607,8.275193790186461e-16
0.45,8.04380268172131,14.772711012482016,2.994595721593868,4.10222206743569e-65
0.45,16.077936000356587,9.936250098993206,2.490993094586309,1.0
0.45,18.525071066777777,11.03275169677206,2.629805429122814,1.0
0.45,18.875201490547614,8.255704024739417,2.6075238350787986,1.0
0.45,10.011402301705447,5.008340682916037,-1.735814289313013,6.566575165602474e-8
0.45,15.483770212621883,9.727733272416788,2.656921478766508,1.0
0.45,9.121554874093661,8.103725493810357,-0.16283024613086206,3.826887633115913e-17
0.45,18.084484483729305,10.625238606735962,2.499978370044943,1.0
0.45,1.761105972956912,13.021685668818343,2.394212000205682,1.0
0.45,0.3086472048560039,8.128110894766344,2.6098305142754272,1.0
0.45,19.077107313152737,5.771370448707078,2.4766770086752694,1.0
0.45,17.453302332366732,8.616147152619314,1.49360805513458,1.005458069182646e-6
0.45,8.22546711350082,6.681536458154783,-0.7526608912035516,1.0143391579160468e-16
0.45,19.020101220630618,1.0908030610676753,-2.715541234378679,1.0
0.45,6.105139144408323,13.082480094576427,0.3243133546161501,1.0
0.45,18.81515622521906,0.6654791834441667,-2.624949305847512,1.0
0.45,11.413252785720386,16.62782998233952,1.486738382478452,1.5115058812174375e-35
0.45,8.941906901000964,14.497921473061723,0.01757799757234718,2.1423972242062206e-27
0.45,18.677553327373797,8.821842147385489,2.38120956551688,1.0
0.45,19.707581938887547,10.739070856801163,2.5864848000280665,0.9910769766775852
0.45,12.012446884719024,11.938971838684468,0.6849170184932128,7.260748263611814e-8
0.45,17.95543949977097,11.173417449501267,2.734878834293365,1.0
0.45,12.160397909685477,18.347813062243862,-1.6379418876945877,8.916969719294189e-5
0.45,2.6827769494259623,5.116584358737954,2.472691282395651,0.10381223894176853
0.45,0.48189894450358,6.924445765480776,2.3811062257823123,0.8981228223623473
0.45,12.317493544038008,5.9912850306915795,2.0772221646437323,2.7759328992950473e-5
0.45,19.02132526861571,8.83715496295791,2.328484507181058,1.0
0.45,0.026348095316139585,9.302882253800355,2.607162644278547,1.0
0.45,2.291401886124292,7.188089179889821,2.6589496388366767,1.0
0.45,0.7656313581773246,6.735470761158905,2.787428730529017,0.999999999999994
0.45,16.17158105050256,10.49218554133808,2.4105767707586647,1.0
0.45,19.440389636290618,14.712668571545521,2.3348875880960325,1.0
0.45,17.94128800237786,9.562874250639403,2.6844627427831056,0.9927133925683622
0.45,0.20938820722384552,11.722188152477703,2.3864572279866265,0.08732045183756235
0.45,5.819057372040183,17.216519108343714,2.0525659600525827,1.0
0.45,17.5134436126739,3.0697608174793825,-2.9726521369655368,1.0
0.45,4.807564756429127,6.05602387793488,-1.0175792805283432,5.850720257078215e-11
0.45,16.954786146292044,9.613274469832083,2.6019787068774876,1.0
0.45,19.31801943822156,8.724436784568697,2.363291323760156,1.0
0.45,18.536534035895546,11.093866674480836,2.7637431142742113,1.0
0.45,18.98705355477148,3.1140009577462715,-2.8267355473137084,0.9996077948928818
0.45,0.6960882212397776,13.60012908199615,2.7149249789765317,1.0
0.45,8.125958602251922,17.209456553141013,-1.181467715729331,0.05543139771378833
0.45,17.85751664370423,10.763117056399993,-0.09878481909694137,0.007514445844864761
0.45,19.885802848974674,10.199789711679824,2.7915748581767685,1.0
0.45,16.44409661401865,11.078945000062337,2.411695638331468,1.0
0.45,19.494183053099313,19.30108726475631,-2.349417681198786,1.9005574624662934e-8
0.45,19.472836866231543,7.309314764498368,2.294193631917963,1.0
0.45,11.334317654659449,2.7201222019774365,-2.502608773154648,6.449288783771419e-8
0.45,0.9489543315622374,7.745800032193779,2.466784094012998,1.0
0.45,18.69650245254902,2.4316407102246163,-2.816587223761528,1.0
0.45,19.983747577516045,9.8311185917751,2.7909846401842056,1.0
0.45,18.188075571170064,9.848302484404032,2.576693868601929,1.0
0.45,18.350573508517556,10.46125983198071,2.7477147018021135,0.9999999999993633
0.45,19.596307650862414,7.260870991999413,2.4913477584142543,1.0
0.45,19.72779014692335,10.292764772859101,2.709551877611045,0.9953694091050135
0.45,18.5527653669784,8.460014027539358,2.5156833329598935,1.0
0.45,18.4364520799925,0.9052462418117393,-2.5889234078144585,0.9999999999999891
0.45,19.03197948353384,7.608253982902823,2.7052181663895896,1.0
0.45,5.3218047145906064,14.955596302758355,-0.9470952458308775,8.963103165093806e-12
0.45,19.317696019979877,7.738226096243049,2.7448360757968175,1.0
0.45,3.577801725779579,15.295767836834008,1.8770317380904453,0.44689301861316943
0.45,18.160066170866493,10.273085163559982,-2.8384807689523273,9.855468733056e-11
0.45,18.867411976874855,3.056348344744727,-2.879586409645377,0.9999999849629566
0.45,18.70478766104857,8.66170962923739,2.3799081182216133,0.9999471903327694
0.45,17.82783384796911,15.910100700340474,0.4270129560055934,1.8898892399376114e-6
0.45,19.16373136601158,7.687487974858755,2.5954550897794153,1.0
0.45,19.524837305858064,13.575993063431909,2.6366276790222227,1.0
0.45,1.2059601459550873,14.994168710157638,2.515783922449957,0.5041175616415599
0.45,17.290256445149897,10.214289573712682,2.616147789708999,0.7350035616590089
0.45,18.770582072013724,10.515787629038035,2.5445454054588916,0.9983233626661141
0.45,10.024876084634496,1.1068969135675704,-0.7948290141899154,0.00026217914191383374
0.45,18.086399760601033,8.607746118556792,2.49743761307541,1.0
0.45,3.7180838903773354,8.237043797557849,2.230818731622472,5.912075741418369e-5
0.45,0.6467311823656636,14.088921302081536,2.643785893422735,1.0
0.45,9.68654970880155,18.292937063975163,-0.8077230914985258,1.4046225351701143e-9
0.45,0.7307675249402964,5.613181675105934,2.9041314401362484,1.0
0.45,18.151352070332265,13.624490266020528,2.8989362030475196,1.9350969844975505e-35
0.45,6.728752430660464,1.2636656765274523,0.3395366449435847,4.054848600088969e-11
0.45,0.6534929548792457,10.228752110237883,2.6455792298093854,1.0
0.45,2.0550655408575405,5.669974147989254,-1.8621889541577694,2.5403730497341193e-14
0.45,9.311203544953779,11.84597290037971,1.261898428542727,7.577255620570077e-10
0.45,6.801242390713199,17.04392728061126,0.7581919636874493,1.0276724539170779e-7
0.45,1.8569875449585067,12.319204420200291,2.245996706816623,0.1017998104469575
0.45,8.949856569518921,6.453146177169579,3.1227219535945623,9.355814371895008e-19
0.45,1.4531985516449937,5.5147630448091105,2.697369345946375,0.9999999999993683
0.45,0.9686125643338915,3.435943522272204,-0.6938301476899088,1.8125510999056676e-8
0.45,18.67465132153004,9.351159956492173,2.5275141505511485,0.9999998650041467
0.45,1.5228381786214606,13.335052508665159,2.638625394999898,1.0
0.45,7.687997867629237,10.878023588295429,-2.4865447940365235,3.4592617428463845e-34
0.45,10.17714378998437,3.2148355011700116,-0.4705883816895463,3.228160569906006e-13
0.45,15.918788779615769,11.524888592948143,2.5409582657295076,1.0
0.45,5.408548494687773,12.74271417017668,0.6346392465022423,1.1167202590390657e-15
0.45,19.3647003191052,7.800325522625434,2.3680029805095217,0.9980301431873772
0.45,17.38707788341108,0.6045722430954411,-2.8423665475240485,0.44102900660561023
0.45,18.581980118774943,9.136365657074492,2.796457617084371,1.0
0.45,19.79682608978013,7.862093320741621,2.5371325464020416,1.0
0.45,19.62770452882618,6.844983421811652,2.4311506367577653,0.9991041805766141
0.45,19.972649165622315,7.334629949538741,2.5771932313111177,1.0
0.45,19.059494659662345,9.508387685631089,2.61632369136197,1.0
0.45,17.712042963389276,10.869980348589248,2.4755194089806136,1.0
0.45,19.872274385993,3.5099722834803653,-2.790023528912032,1.0
0.45,18.720418396479896,8.25213708888667,2.6575746968225857,1.0
0.45,18.655336776728074,2.033539496087067,-1.9404870904222014,2.3612724249035705e-13
0.45,1.7791823256595165,4.211941665714978,2.9541680987380445,1.0
0.45,1.47042303228053,12.416724198748168,2.4889818566776336,0.9999999998196071
0.45,19.184627682207417,7.8518669457287285,2.6338641214127803,1.0
0.45,19.263940895684478,0.15142984802660636,1.0840131046981831,2.5903803098132682e-23
0.45,1.6411123490799313,8.003728077960407,2.8258467590942895,9.701182619691157e-20
0.45,1.9173291106268389,4.234930878844857,2.807192583643072,1.0
0.45,18.042037949779033,10.494837298555845,2.6472308178133392,1.0
0.45,2.780806658051586,6.653193916164875,2.565434108890013,1.0
0.45,18.80425297541519,9.656664399960478,2.420166401690929,0.9996779490177592
0.45,0.7666668676330647,13.59661683516209,2.733732331617415,1.0
0.45,19.73079308281171,6.596227667679802,2.782261702059413,1.0
0.45,18.64229955341231,10.39018057074179,2.3892910753847016,1.0
0.45,0.7140404941452863,7.646674214678633,2.551200937244011,1.0
0.45,5.762112285921884,15.496345023160533,1.0414314953387795,0.06633536926495728
0.45,1.3591150003561892,12.837541382461058,2.6577554969991373,0.9999185467473477
0.45,19.40610653847775,13.32697514216086,2.4165750721152186,0.1509109143848475
0.45,15.350994386641197,8.729739877945933,3.1038999691577693,0.0024610656368764337
0.45,8.414868127627987,10.967502098082893,1.1888505942343564,1.3045758099161462e-48
0.45,17.044344053733784,11.45415866181663,2.6394662216002067,0.9999999999838128
0.45,6.393102311634935,0.6533828725064114,-2.932723197505687,3.5520582816029795e-6
0.45,18.137056025299767,10.7361370985992,2.7757589676980694,0.9999999972130776
0.45,5.450002292636123,18.100423712833816,-2.350452146599062,1.3110277590877053e-36
0.45,7.571893939884409,11.800753238957094,2.056969786346592,8.892382684843043e-13
0.45,1.472361936703648,6.142756962984571,2.4896638366883654,1.0
0.45,1.5142780545656533,13.124346726119798,2.4755573690652,1.0
0.45,19.49288155465233,10.474543932583696,2.6524515445181587,1.0
0.45,16.670151659315444,13.8254224811051,2.1796886093133945,0.0205285952924915
0.45,19.33664238094589,5.926616414342668,2.456095671438378,1.0
0.45,5.441037660390944,14.093087356018899,0.3308714992315636,0.9998395790979723
0.45,1.2689791817715133,7.96989410080902,1.2846600238387587,1.2223428966670512e-41
0.45,19.10241902195371,5.652720078969735,2.5733417228732236,0.999961017565597
0.45,1.1958290481937177,11.197335244869244,2.573080545235364,0.9663293243182972
0.45,18.86853801125215,8.000483754617784,2.3694017529053166,1.0
0.45,18.6958647987347,19.72681827840374,-2.1925373113261295,0.00020273932190869386
0.45,0.430195820805698,13.613425019364552,2.6944077452129394,1.0
0.45,18.963123475993697,2.4618668897835896,-2.698205452818984,1.0
0.45,13.194712662962433,7.651063049481611,-2.9581317314930806,0.000720223150514293
0.45,18.667132449331014,8.850512556342943,2.7263480714772697,1.0
0.45,3.961752686304907,14.983885559638605,-1.5372434176667673,0.014254076361034089
0.45,19.77620424764915,7.671156594019301,2.6091518703402548,1.0
0.45,17.515115602403334,9.634762736417025,2.8042715667406237,1.0
0.45,0.2784947720150563,19.93801623349873,-1.0700337721310407,1.0
0.45,7.407513796616741,19.933473765027646,0.9151116949672947,8.828626691302657e-15
0.45,19.569441784930273,7.889483710170907,2.388085468620136,0.9998614723229517
0.45,12.502659560428356,11.379110505939783,-0.49007798179909245,2.630513851593613e-6
0.45,16.984419315294,9.209072316497119,2.7448474940308167,1.0
0.45,1.1751682995643737,15.27617928915577,2.6339432163354504,0.13357108887703345
0.45,15.314522375026893,7.145287640604681,-2.158575194102052,1.2204991574298784e-30
0.45,13.915195162932573,12.831978766288243,-2.6766610892903064,6.9668582737544464e-12
0.45,7.490399428306813,19.660040810267162,-2.7689007545991977,5.1150862156883585e-26
0.45,19.792906072851988,10.325033173249853,2.609495477419552,0.9999999885134202
0.45,5.950154643122301,0.2120171763246088,-2.449478165684244,1.0
0.45,14.782283450693463,10.82661027460634,-1.274648328574379,9.392908642026478e-15
0.45,18.265318871797597,11.111132195562515,2.618538518688799,0.999999999999914
0.45,17.599366671431696,8.054299468668368,2.676679490385597,1.0
0.45,19.156749001431358,8.107747933950458,2.4029172748014713,0.999762364537852
0.45,19.604978521666276,6.787454268381909,2.652311269612335,1.0
0.45,0.20146792644921563,8.000144536237954,2.357037711105876,1.0
0.45,18.61791056876314,4.339301409386775,3.23375462181723,0.16804831526962324
0.45,18.67654393145422,7.0264910925410256,2.651499788274007,1.0
0.45,19.815206858424304,11.38568300878924,2.7924627302966036,0.2642234669991387
0.45,4.770823695256073,7.519288621104615,0.5586324348594495,1.1541630847882692e-11
0.45,0.5407049087999676,6.187673089443216,2.4578510464062786,1.0
0.45,1.7089236017564273,10.58809743312712,2.8270586669784836,0.9999617062436487
0.45,0.5111145634706857,9.992642833703464,2.68387056161336,1.0
0.45,12.668875817462144,6.584842471305949,1.6043159997210608,8.581520857681578e-48
0.45,18.900011592462736,5.912951521147967,2.6215044153366494,0.9999999999999974
0.45,2.202647650136762,9.76694075567418,-2.509589624740363,1.25279427272123e-10
0.45,2.616180738354683,7.049433841807709,2.140938342459355,9.587658648471144e-19
0.45,1.113616430269454,18.877916701713357,0.7335749914024682,1.1732682502013967e-5
0.45,0.5866309141166897,6.342524955477883,2.2709677407461006,1.0
0.45,18.293313817098944,7.8420097352942975,2.3337908761377846,0.9999957833343164
0.45,18.819238151833407,6.235522040274098,2.474618168969886,0.9999999999999997
0.45,5.357852214195347,14.833463124816284,-0.12032288801906629,1.0
0.45,18.393484473058272,10.459625372066395,2.543436691233005,0.9999999999999947
0.45,1.1265739694662866,7.7545731811246,2.3779070344297586,0.41608237217605765
0.45,18.611813169429748,11.414061381994445,2.7965389563411436,1.0
