N,sigma_std,noise,seed,phi,phi2,phi4,ar1,drift,real_std
100,0.0,0.5,13,0.9496956742874314,0.9069001201808492,0.8336480767283386,0.9968665852619784,0.0251190074957866,0.0
100,0.1,0.5,10,0.9497639436962964,0.9060792871411965,0.8314025637083589,0.9964804940399136,0.0351038928638567,0.1037231808654781
100,0.175,0.5,11,0.9535517159025654,0.9108812528262066,0.8347406637820494,0.99120634926394,0.0278153319241392,0.1965686110184137
100,0.175,0.5,12,0.9586873438531408,0.920922600293293,0.8538558789011323,0.9929232326562758,0.0236243898188335,0.1655937594809176
100,0.2,0.5,11,0.9506750902353288,0.9056038474527374,0.8256958865652636,0.99138005257703,0.0208289215460887,0.2109805234303191
100,0.2,0.5,13,0.9527869289985552,0.91311881366878,0.8460893761677798,0.9972655773598432,0.0307234588876201,0.2038729271786256
100,0.2,0.5,16,0.9475124801240076,0.9004030558822654,0.8187202718395238,0.9940876893942096,0.0319147383638303,0.2082887279885522
100,0.225,0.5,8,0.9523745160475074,0.9096991251577708,0.8348443332300736,0.99419197512104,0.0237106269152982,0.2042675786437751
100,0.25,0.5,2,0.9314442881347204,0.8722335880052943,0.7727342198976931,0.9954009313875268,0.0282848326599833,0.2608406556762102
100,0.25,0.5,3,0.940559707875778,0.88824635889366,0.7986793414630605,0.9950834979622026,0.0319697435077042,0.238889863338459
100,0.25,0.5,6,0.9231527779038974,0.8564100430255461,0.7452818640069603,0.994199608264124,0.0236497663583835,0.2535722202434379
100,0.25,0.5,13,0.9285019471849068,0.8670727437404617,0.7650392255409532,0.9958455201795696,0.0203183791013206,0.2505767413482183
100,0.25,0.5,16,0.9347799646570129,0.878660411677699,0.7840808839843421,0.9962835150116638,0.0221097897411762,0.2611327722061317
100,0.275,0.5,1,0.9292694261836728,0.8672814297809913,0.7630942179821842,0.9947761809339424,0.0355312306671342,0.2678595615012152
100,0.275,0.5,3,0.9266148973739996,0.8658802475593819,0.7656691203770848,0.997188902972343,0.0585057021256019,0.2467309139280237
100,0.275,0.5,8,0.9180644234409582,0.8481302090431622,0.7341743702342843,0.994793465080088,0.0300058014685815,0.256769986931233
100,0.275,0.5,10,0.914464688097376,0.8416886691925755,0.723386401603895,0.9950254128271416,0.0284813610019478,0.2822200484448521
100,0.275,0.5,14,0.9077464257003104,0.8309786869711178,0.7086042609862109,0.9961505651300704,0.026433815972977,0.2881660024954777
100,0.3,0.5,4,0.8475689889417958,0.7329458754143332,0.5681368760248555,0.9971194688528544,0.0333449493367892,0.3247415465382076
100,0.3,0.5,6,0.8399587211138758,0.7204565042470973,0.549131742610413,0.997141823019779,0.0483873822556359,0.3370334215888177
100,0.3,0.5,7,0.8906643818205805,0.8035321142675388,0.6692681750276858,0.9970156810813852,0.0268293317794142,0.3028697686101498
100,0.3,0.5,8,0.907919215523812,0.8347312389529054,0.7193662573751571,0.9974072075626588,0.0323809679053087,0.2798077320051585
100,0.3,0.5,10,0.8835273167130919,0.7907353339855866,0.6479910999720159,0.9970634438134222,0.0562098263097061,0.3064635849695676
100,0.3,0.5,14,0.8906998050160181,0.8009233053746478,0.660329502563107,0.9952390271464782,0.029210030812618,0.3041804871295628
100,0.3,0.5,15,0.9055715715426732,0.8299692872272088,0.7111030323573632,0.9976724286950296,0.0378978960773438,0.2961622109708097
100,0.325,0.5,1,0.8857063536736416,0.7947612550067786,0.654623137588517,0.9967249413300842,0.0392792947751708,0.3266371153204673
100,0.325,0.5,3,0.8227146992562897,0.6932719595181954,0.5106263889495479,0.9971187270035288,0.055214193702771,0.3381502196100855
100,0.325,0.5,4,0.8369927665570034,0.7175648376024552,0.5473296923448615,0.997519224484515,0.0337256209445311,0.3250072768009492
100,0.325,0.5,5,0.8832193573799705,0.7901831907172635,0.6484316847767706,0.9967432476470626,0.025542700339138,0.3008397948325358
100,0.325,0.5,6,0.8375875381692768,0.715012297794497,0.5401903878285688,0.9967497001676596,0.0246256913802392,0.338256364139168
100,0.325,0.5,9,0.9151746780505344,0.8452244518092462,0.7323812711241391,0.9963059045762164,0.0278343916249502,0.2642302660218752
100,0.325,0.5,10,0.8492311609682794,0.7330015613913647,0.5622476771696802,0.9967710921911294,0.0253666722997226,0.321350619252978
100,0.325,0.5,12,0.8808526195652318,0.7882534077952122,0.6489006915823831,0.9971282904196708,0.0452616059340518,0.2883751548173591
100,0.325,0.5,15,0.8523303853621672,0.7441854329463115,0.5894474281861872,0.9975629493157854,0.0271447563630954,0.3045401692658661
100,0.325,0.5,16,0.85529917956212,0.7454402116011541,0.5861874603031089,0.9968234507542348,0.0608207374375705,0.3181023700945807
100,0.35,0.5,3,0.8111054379394027,0.6761439046845413,0.4932414079460237,0.9971413583613226,0.0388971546258933,0.3377644476094203
100,0.35,0.5,4,0.841807989565822,0.7266493730174454,0.5630499666645281,0.9975785083672069,0.0320653316157935,0.3076919487200458
100,0.35,0.5,6,0.8156074817211796,0.6794910534126325,0.487606449684919,0.9969831190813232,0.0237518419156271,0.3535678369936681
100,0.35,0.5,7,0.7801158557492885,0.6347825508171617,0.4456029450109446,0.9978087073004296,0.0615661999514117,0.3389604233869188
100,0.35,0.5,8,0.8335059500424199,0.7121111067190073,0.5413202494738886,0.9973629949874688,0.0556953587959476,0.3433481420202901
100,0.35,0.5,9,0.8534745949725259,0.7400842705831978,0.5748422139728196,0.9961486594440224,0.0523989983746602,0.3232050275183902
100,0.35,0.5,10,0.8053291835634434,0.670418795940786,0.4877572336717932,0.9979165131136714,0.0288659186926946,0.3497878794483983
100,0.35,0.5,13,0.8382485690138186,0.7183141673923751,0.5466352230876645,0.9974858666541524,0.0301808102399138,0.3327868562272717
100,0.35,0.5,14,0.8087846782320668,0.6739060744056478,0.4921836961759767,0.997729984320858,0.0596634465484247,0.365932419615895
100,0.35,0.5,16,0.8557105802145787,0.7474720137314302,0.5892852696768336,0.9972238145123532,0.0723470797961681,0.3309867000209903
100,0.375,0.5,4,0.7578602952292497,0.5907931267346495,0.3779278155684897,0.9967774538792744,0.0522123153954907,0.3619511514370671
100,0.375,0.5,5,0.7617550571961068,0.6007860204928048,0.3952426982120689,0.9971449821652756,0.0736081393023332,0.3739586846848203
100,0.375,0.5,6,0.8154338263347312,0.6790528789317639,0.4898417855862486,0.9965080139939948,0.0367871093452358,0.350779876712028
100,0.375,0.5,7,0.7886529069781236,0.6429042793185101,0.4504229896288686,0.9973504048154423,0.0603405002996226,0.3655127599000032
100,0.375,0.5,9,0.7981357621241066,0.65392481138664,0.4589734976164684,0.997215003127748,0.0330325686011578,0.3749251301568947
100,0.375,0.5,13,0.8465310838039517,0.7322436919616097,0.5696868510738176,0.996888671970642,0.0567021642037031,0.3079275839024645
100,0.375,0.5,14,0.7498667327419242,0.5836575172882525,0.376449000726005,0.9971497456848082,0.0336315928498643,0.3869400409445614
100,0.375,0.5,15,0.8179603244532162,0.6860945736563039,0.5041742503243463,0.9972419441873028,0.0562807103898215,0.3382079494694122
100,0.375,0.5,16,0.7415294657720655,0.5700877892135002,0.3569477305722386,0.9972420425276772,0.0318579989956491,0.3921580680705703
100,0.4,0.5,1,0.7333844398630557,0.5568518796690106,0.3396746090476708,0.9964308743047928,0.0273907774681899,0.3888309357809688
100,0.4,0.5,3,0.7105033065262103,0.5270345314533476,0.3124953238611233,0.9967774143329226,0.0817451275659862,0.3938997076713432
100,0.4,0.5,4,0.7020467267286294,0.5190030584865847,0.3060310048770218,0.9974146497351964,0.1037881177973005,0.4023667086572128
100,0.4,0.5,5,0.6924301375033359,0.5038872493973311,0.2891805728106065,0.997123275330689,0.1081778076922441,0.3934663978954398
100,0.4,0.5,6,0.7895186255902721,0.6364715227268918,0.43164053460832,0.9962723767804144,0.0271609563397889,0.3778846477278747
100,0.4,0.5,7,0.7244303777036987,0.5478657932691628,0.333230777817425,0.9973520058354368,0.0297860127058664,0.4030464780921884
100,0.4,0.5,8,0.6956344084613297,0.5044569532039597,0.2850979133121751,0.9968152253618844,0.0444572112627269,0.4024571856294555
100,0.4,0.5,9,0.7103896181940106,0.5310237157173778,0.3192499117164789,0.9975357772782412,0.08395048121224,0.4036936328905718
100,0.4,0.5,10,0.7489272514918434,0.5819359291887628,0.3709280706257739,0.997231788312591,0.0268226818112521,0.4030728805508872
100,0.4,0.5,12,0.639792799068774,0.4301210175901192,0.2104950387830228,0.99621454607443,0.0325025694610349,0.4317687919244627
100,0.4,0.5,13,0.6932380079564682,0.5075786593238341,0.2928572676194709,0.9973621079148614,0.0261062433044332,0.3949562877803571
100,0.4,0.5,14,0.7094863260492759,0.5268957393496593,0.3115659445929478,0.9976735419839418,0.0285258250125698,0.4116550345760167
100,0.4,0.5,15,0.7629123742861823,0.6060127396910582,0.4078709451901333,0.9973103614284056,0.0339353407338983,0.3555866085537587
100,0.425,0.5,1,0.6411172599142254,0.4368759988050867,0.2218915694141194,0.9964870405847784,0.0398622942202457,0.4261547381758959
100,0.425,0.5,2,0.57947144550552,0.365906882199785,0.1664445168109025,0.9965422002183224,0.0492080470483761,0.433368360847605
100,0.425,0.5,4,0.618342049197801,0.4075886926793985,0.1965740691066931,0.9962206619750886,0.075798189444981,0.4131291352443472
100,0.425,0.5,7,0.6293213738879746,0.4237401777439421,0.2115889450626547,0.996810001945923,0.0439152321720867,0.4295031401847049
100,0.425,0.5,8,0.6153122472534907,0.4046446042311543,0.1932219738918787,0.9966249231243134,0.0440168453685339,0.4305800058270949
100,0.425,0.5,9,0.6370942414714246,0.4269985823981564,0.2075573140285616,0.9964702319821498,0.1118511078326169,0.4426778629075647
100,0.425,0.5,10,0.6665765875161864,0.4608886074123413,0.234895414578539,0.9958368748589524,0.0839044477497993,0.4277612973528817
100,0.425,0.5,11,0.7220804026420823,0.5469800480586274,0.3362581879639593,0.9973895352047648,0.0760852337853901,0.3850832058197401
100,0.425,0.5,12,0.5859271963679106,0.3701172817376033,0.1649453280063894,0.9962350928789088,0.0602907389957424,0.4345960439629329
100,0.425,0.5,13,0.6599448980958879,0.4661261115935001,0.2560785238398465,0.997094653463768,0.0382070170635031,0.4019029592317438
100,0.425,0.5,14,0.6110074726904889,0.4002099240378435,0.1896517006580789,0.996671331130272,0.1045689141616459,0.4334714353578728
100,0.425,0.5,15,0.6799381674150762,0.4914302769857266,0.2788594287450597,0.99715450671049,0.02311111455268,0.3958616791166102
100,0.425,0.5,16,0.567202635938182,0.341527606723894,0.1362154841142343,0.9951948563313,0.0488779023187793,0.4573948430447987
100,0.45,0.5,1,0.4649492101150473,0.2401923743255153,0.0747763850685752,0.9948244051985186,0.0262253651781033,0.482803577965903
100,0.45,0.5,2,0.5179609448453952,0.2979960549799972,0.1141511501989655,0.9960167702628248,0.0977528145468278,0.4603386235528127
100,0.45,0.5,3,0.5754831053915123,0.3565262188323113,0.1526140103117209,0.9956786275481228,0.068541643411075,0.4343521243503542
100,0.45,0.5,4,0.5718914470974564,0.3445575392095512,0.1367333004625919,0.9952595930312635,0.0715173982198584,0.470449502223538
100,0.45,0.5,6,0.5895848594889219,0.3666757993326749,0.1537326164393888,0.9954122004196804,0.0889935090396367,0.4602160151548801
100,0.45,0.5,7,0.5663863744745318,0.3462628154042521,0.1443202561854922,0.9962719797828612,0.1242618251649204,0.4606706943348344
100,0.45,0.5,8,0.579986219048386,0.3562651812504404,0.1466356995465936,0.9950597556728747,0.0609278797017645,0.456870118180333
100,0.45,0.5,9,0.5891322965334798,0.3745227717755588,0.1686467498798504,0.9961960684550196,0.0234538979425821,0.4394659026345195
100,0.45,0.5,10,0.5406420426733707,0.3124044233338511,0.1161440992453729,0.9949608347881824,0.1048326364630271,0.4677936402929859
100,0.45,0.5,12,0.5659895100342974,0.3491458384040493,0.15207940639809,0.9959010634271628,0.0499034402889568,0.4264834567342518
100,0.45,0.5,13,0.6150491267863566,0.4016633592887288,0.1892585600943082,0.9958815802708432,0.1659390609206381,0.4272337230080526
100,0.45,0.5,14,0.5093892036514315,0.2807541075077648,0.0969817894496807,0.9945933537705908,0.0689913915261823,0.4691066315002483
100,0.45,0.5,15,0.608341450595245,0.395365169578845,0.1838868025428818,0.9961021902342648,0.048207948194351,0.4282226091989075
200,0.3,0.5,5,0.9362102782711584,0.8796643109319104,0.782199113346073,0.9966307535908198,0.0254079959568204,0.2920227374454144
200,0.3,0.5,8,0.921437700118489,0.8534305486610348,0.7402326834094718,0.9970488916808486,0.0323712037880231,0.2965326782869415
200,0.3,0.5,10,0.9179186521562172,0.8456525433611327,0.7243124844252145,0.9956107353202374,0.0263967791970051,0.2889262322285497
200,0.3,0.5,12,0.9170695261757512,0.8484322987797212,0.7346516856945756,0.9985149143449829,0.0275127315882313,0.3169371227324112
200,0.325,0.5,1,0.8826990789306793,0.7864992905247682,0.6352762273748696,0.9979340446303828,0.0412821137861172,0.3426926303266441
200,0.325,0.5,2,0.9265471652233976,0.8613598243269777,0.7500724666494705,0.9963237370147676,0.0289780149397568,0.3216516938929797
200,0.325,0.5,6,0.9043311586013176,0.8225929609701914,0.6890826565679549,0.9973404423605848,0.0359081766024089,0.3237508030253882
200,0.325,0.5,9,0.9179954777718862,0.8466254435089359,0.7276768575842876,0.9965087266500778,0.0232065142734548,0.282246048658913
200,0.325,0.5,12,0.8782440567248697,0.7793858367504336,0.6253882855658864,0.997788781813336,0.0618876745045281,0.324755317680914
200,0.325,0.5,14,0.8835404574588461,0.786595545618684,0.6312309998469614,0.9978503912870262,0.0480051754573969,0.3473437852548353
200,0.35,0.5,1,0.8633048750873924,0.759295716289651,0.6029321250449191,0.9985798310472216,0.0210584089018863,0.3330459146328067
200,0.35,0.5,3,0.8446011304018224,0.7219108571804499,0.5396261310117952,0.9976743380277974,0.0235735223986651,0.3646845054294735
200,0.35,0.5,6,0.8526260195996691,0.7395599053660761,0.5706568707706189,0.9983165013253694,0.027392602392037,0.3416659353691636
200,0.35,0.5,8,0.8259288995325446,0.6934197258275419,0.5038034061221024,0.998125977372241,0.050439473100153,0.3569978819516934
200,0.35,0.5,11,0.8252094210260431,0.6938898751139005,0.5066719256109505,0.9983178482617264,0.0442892478355525,0.3494897421889229
200,0.35,0.5,12,0.8135131401581763,0.6743988795804222,0.4790999180668185,0.9981943393100776,0.0422249038683636,0.3582009955346766
200,0.35,0.5,15,0.8896913577799376,0.7979425273810148,0.6526431000734004,0.9974480777063772,0.0299566281041075,0.3296439661381948
200,0.375,0.5,1,0.8413727270907079,0.720379215145863,0.5428306031330205,0.9983442234019564,0.020967744202378,0.361210036072963
200,0.375,0.5,2,0.7835934805363622,0.6258064120937173,0.4130443464654458,0.998004225934878,0.0332533260424181,0.3806013117299296
200,0.375,0.5,3,0.801878523767443,0.6620049957793824,0.4708294705306445,0.9986946216845134,0.0551370490001539,0.3526917796657752
200,0.375,0.5,4,0.8004162964186825,0.6518220744931761,0.4449680932523208,0.9982203752050284,0.0886435832136149,0.3755866440843892
200,0.375,0.5,6,0.7635693028837351,0.6033426532817959,0.3969904933904832,0.9984133746573364,0.0378855923723431,0.3715816671031519
200,0.375,0.5,7,0.767113009314609,0.6056998822190927,0.3948038410320109,0.9985330227585428,0.0444477091249478,0.3883143532396257
200,0.375,0.5,8,0.8074140006197751,0.6644426974456396,0.4646462973088121,0.9981417583403176,0.0317077849444472,0.363591507389395
200,0.375,0.5,9,0.8114490906157231,0.6712434125817961,0.4733304533047319,0.9983488694934696,0.0374100770187108,0.3828864143400191
200,0.375,0.5,10,0.756791987437962,0.5883237970773856,0.3745545047653472,0.998225128949128,0.0230930646500606,0.3816464061270818
200,0.375,0.5,11,0.8321395605700074,0.7020381264495813,0.5125186128618691,0.9979020481811096,0.0622121891916161,0.3678582562966582
200,0.375,0.5,12,0.7576051587480255,0.5898829714390422,0.3749241991250665,0.9982282907061146,0.0432236504613706,0.3812985061292959
200,0.375,0.5,14,0.820289286688323,0.6896798758413298,0.5048226956287408,0.9987803546948374,0.025605355517535,0.3604518007784026
200,0.375,0.5,15,0.8233754910386019,0.6880568822809239,0.4930278403003221,0.9979874923048878,0.0228274773774984,0.3776853945019316
200,0.375,0.5,16,0.7615364417030213,0.5942301716496772,0.3775506346314802,0.9983140730756824,0.0245098458039244,0.3982529846346089
200,0.4,0.5,1,0.7550134630128529,0.5906689911295119,0.3813763339963232,0.9986638190642956,0.0309667209903424,0.3853014240757206
200,0.4,0.5,2,0.6986641547734874,0.5018959206286029,0.2708732670076648,0.9978072403512368,0.0680674538931874,0.4228163185312337
200,0.4,0.5,3,0.6988039242892142,0.50274842343628,0.2743918364778249,0.9978596169133176,0.0382490694197092,0.4138742184108796
200,0.4,0.5,6,0.7619658543623385,0.5975496520383318,0.3856933443665224,0.9981855886822,0.0732035716950318,0.372007979488772
200,0.4,0.5,8,0.7507846330868798,0.5810938693405123,0.3665247920864496,0.9983252230367016,0.0204886616422532,0.3813985568014397
200,0.4,0.5,9,0.7728477612570843,0.6116516722552932,0.3990660772954899,0.9980905552428512,0.0510590436778558,0.3872550472288471
200,0.4,0.5,10,0.7276009888006081,0.5460723364578759,0.3239769996845228,0.9982798909659206,0.0259801639478581,0.4026574232025843
200,0.4,0.5,11,0.7954835085113198,0.6438688423838661,0.4352319843583458,0.9979826341545608,0.0417089149476512,0.3865283589389938
200,0.4,0.5,12,0.6756257689773011,0.4739347587121035,0.2472150239147131,0.9981583178268408,0.0604460638920983,0.4307443807518896
200,0.4,0.5,14,0.7375199988198384,0.5610218407509009,0.3410768623216315,0.9985002034098764,0.0738186741532985,0.4066866892186491
200,0.4,0.5,15,0.7736936642972573,0.6140472402233008,0.4018048055435194,0.9984842720159758,0.1083268422022124,0.3849917771511428
200,0.425,0.5,1,0.6980630075340866,0.5075208385427828,0.2827481214068716,0.9984418768189776,0.0731525893481532,0.4165226529871507
200,0.425,0.5,2,0.667321079671929,0.461877998223414,0.2342053751097268,0.9980642860580472,0.0762230749252469,0.4299693632293326
200,0.425,0.5,3,0.6490928119332293,0.4383651591091409,0.2123989662855293,0.9979321320955904,0.0341163215098481,0.4353211503783781
200,0.425,0.5,4,0.671141891173145,0.4676541319954804,0.2425531408964554,0.9978473871518748,0.0223197686176203,0.4166855961879224
200,0.425,0.5,6,0.7082963107350894,0.514509509611007,0.284945317097768,0.9979998164010624,0.0561601063374622,0.4199782348685421
200,0.425,0.5,7,0.6798913434971752,0.4808979123599756,0.2564595251353397,0.9981372044931284,0.0330118224660732,0.4197657615518824
200,0.425,0.5,8,0.687407744044194,0.4865585103039279,0.2549773608438826,0.9978458755631808,0.0514755565012614,0.4221397686140469
200,0.425,0.5,11,0.7086462615121499,0.5146235647394182,0.2825179741695672,0.9976588345329368,0.045544244918694,0.4158028577970536
200,0.425,0.5,13,0.7196746502011405,0.5310395519085038,0.3021295946701425,0.9980429414504072,0.055014361380572,0.4158327635036608
200,0.425,0.5,14,0.6710469211562452,0.4641852308743677,0.2347539944892888,0.9980474432044336,0.0509466275959926,0.4385035881078675
200,0.425,0.5,16,0.6240904929585629,0.4127225973089278,0.1968034440811223,0.9983000389753296,0.0728828572993175,0.43234436729748
200,0.45,0.5,1,0.6012152645172751,0.3696301030554018,0.14657747981454,0.9964401962510984,0.0249195442136501,0.4679231472506033
200,0.45,0.5,2,0.6354184249822444,0.415831287304326,0.1877006351578586,0.9974782525240832,0.0284411749927857,0.4515830375456202
200,0.45,0.5,3,0.5489950782783668,0.3270883407222194,0.1309441355932101,0.997907375665878,0.032838743248283,0.4475674791032216
200,0.45,0.5,4,0.563978894571505,0.3356929072880329,0.1276341450511093,0.9978431001548208,0.0830373933043926,0.468467675881161
200,0.45,0.5,7,0.5378957232396755,0.3089572910177478,0.1124844525471826,0.9974171884008144,0.0263768264249287,0.4685294846106554
200,0.45,0.5,10,0.5896763682890547,0.3686473764067198,0.1575262477743829,0.997593684036021,0.032070579960298,0.4400609625790049
200,0.45,0.5,11,0.6378883012343759,0.4206791507920916,0.1939229028367251,0.9975731317762564,0.0335251658739632,0.440336827424834
200,0.45,0.5,12,0.5496522809701501,0.3310618955475323,0.1356892768724211,0.9978587024999044,0.0499348599996134,0.4431994054262731
200,0.45,0.5,13,0.570205575844421,0.34957373444747,0.1443925259604604,0.997838841305052,0.1036135576727483,0.4414243146926261
200,0.45,0.5,14,0.4785388467495897,0.2544768424320264,0.083736721402025,0.997414082726898,0.0270531905579604,0.4687989246268371
200,0.45,0.5,15,0.6064692634128525,0.3842343469115764,0.1641556488345981,0.9978113039993176,0.0473200912977231,0.455765675578015
200,0.45,0.5,16,0.5075576821258528,0.2787985309594619,0.0945302567673531,0.9973754341261564,0.0214934769100708,0.4640555657960482
400,0.3,0.5,3,0.9321268746733584,0.8713074729762975,0.7662113134248789,0.9978450890813968,0.0309059124740406,0.3024127744088631
400,0.325,0.5,4,0.8874363233189432,0.791062520000888,0.6352230297590008,0.9980079206360244,0.0337713660303261,0.3372960465302
400,0.325,0.5,7,0.9104010779766004,0.8308449472178592,0.6962870659144038,0.9968087296099072,0.0211967080668282,0.3204707037070454
400,0.325,0.5,12,0.8874853724137909,0.7931167774556156,0.6426809777662583,0.9984570366471336,0.0425963379912438,0.332954704352688
400,0.325,0.5,14,0.8995920843386626,0.8112178779165043,0.6637766355396317,0.9966858182378076,0.0221416874408888,0.3333810226520617
400,0.325,0.5,16,0.913625296256496,0.8361969156638541,0.7038501968947528,0.995601473515074,0.0201079993444653,0.3302926452692053
400,0.35,0.5,1,0.8712326615226306,0.763868980350194,0.5960099357286721,0.9978404171630814,0.0208715896215403,0.3274412199909999
400,0.35,0.5,2,0.8644343193538463,0.7526968167396079,0.5793137680670346,0.9984468634902596,0.0275829115612583,0.3599518813721729
400,0.35,0.5,5,0.8503945357232824,0.7299066806155621,0.5489035511545555,0.9986259006448696,0.0564513924887276,0.3414191613221334
400,0.35,0.5,7,0.8292359793596666,0.7006595772275296,0.5134007975195974,0.9991639447922483,0.0607214671422016,0.344096615756383
400,0.35,0.5,8,0.8512948986163948,0.729124653906526,0.5423236818600735,0.9980795807995808,0.0437775204640199,0.3579935756242521
400,0.35,0.5,11,0.8875381528074279,0.7903699088033124,0.6320252581150464,0.997659612907905,0.0285511335998759,0.3434007852578248
400,0.35,0.5,12,0.8572682718279903,0.7390974007249586,0.5564861894700747,0.9980678027779484,0.030159346382572,0.3576338805409136
400,0.35,0.5,14,0.8709527860295501,0.7686936716416402,0.6090338550673587,0.9992316885992524,0.0960322595603739,0.3531242143062231
400,0.375,0.5,1,0.8398374170322078,0.7157403145530072,0.5321444411478851,0.9990083832693448,0.0222688346825692,0.3547799652896019
400,0.375,0.5,3,0.844264724152585,0.7185279152321257,0.5295205656939886,0.9983916451738196,0.0281241540231372,0.3597349317072513
400,0.375,0.5,4,0.8052047979792294,0.6558974136279004,0.4451501555374607,0.9986036684281432,0.0239060217855647,0.3817356220210518
400,0.375,0.5,5,0.8148418770818308,0.6698981804272616,0.4611101959078966,0.9982954000907432,0.0352913987548122,0.3758748364137271
400,0.375,0.5,6,0.8291648246848036,0.6967751595591261,0.5039535727079355,0.998833614587679,0.0543816438745494,0.3621717926817507
400,0.375,0.5,9,0.8433519171595483,0.7180082386178154,0.5305914868020664,0.998649584092448,0.0256339834447454,0.3744128333723134
400,0.375,0.5,10,0.8150040531684787,0.6708288676101348,0.4649083775727143,0.998334643765062,0.0473986890653753,0.3733822566039119
400,0.375,0.5,12,0.8065158881612521,0.6583153960679026,0.4503057325075777,0.9985620120860276,0.0258152586121277,0.3720624072675805
400,0.375,0.5,14,0.8392660655347921,0.7175439053644784,0.5394720354177263,0.9991960823240436,0.0430947922139943,0.3448923371607812
400,0.4,0.5,5,0.7166904455075648,0.523655116361848,0.2907702273001901,0.9985468630680968,0.0370330359381086,0.4100004748832745
400,0.4,0.5,8,0.7604755248175763,0.5892546002406158,0.3646334836786316,0.9987317732020828,0.0275737383827945,0.396343647614657
400,0.4,0.5,9,0.6981698420018573,0.5012453382090633,0.2728769734014558,0.99855518847602,0.0391590749193859,0.4027522303615896
400,0.4,0.5,10,0.7503638487427249,0.5750944524954391,0.3492828769016285,0.99888874909338,0.0597072317150939,0.4056581875924271
400,0.4,0.5,11,0.8358907236466319,0.7021622744630368,0.5017296465083769,0.9972262832123332,0.0670806316263941,0.3727422544320649
400,0.4,0.5,12,0.7133843679093834,0.522536646428639,0.2913098742889113,0.9989363201849318,0.0827558243246255,0.4144359486784175
400,0.4,0.5,14,0.7392857785028879,0.5597644440519944,0.3335602491191152,0.9988740295119864,0.0382365925400701,0.4003981598145021
400,0.4,0.5,16,0.7413374088599783,0.5594341568167386,0.3299457492891753,0.9985607426812272,0.0386357799753616,0.4054370543695145
400,0.425,0.5,4,0.6521037977880535,0.4420722417672863,0.2163253193311621,0.9989328975611248,0.0279900394062798,0.4263730161269362
400,0.425,0.5,5,0.6637565136348172,0.4545134814737422,0.2236973782058569,0.9987659535801782,0.0432917400689877,0.4338746249621257
400,0.425,0.5,7,0.6831172245574755,0.4793010567005517,0.2482563425371242,0.9988325552805668,0.1137132429201889,0.4208236494254084
400,0.425,0.5,8,0.688525150885828,0.4796494781312636,0.2389924630336057,0.9976215480839412,0.025259261649301,0.435827237186341
400,0.425,0.5,9,0.6419987496930577,0.4342087332224252,0.213926618838736,0.999012352042825,0.0320199939264532,0.4223792204395954
400,0.425,0.5,11,0.6617080785992726,0.4571975906412883,0.2321942308643828,0.9989798456907945,0.1007294722999456,0.4221494899359101
400,0.425,0.5,12,0.6052173414653705,0.3894126326863902,0.1763032004890244,0.9988086242364944,0.0415257016281944,0.4234191923805582
400,0.425,0.5,13,0.6184284797721431,0.4019101368588423,0.1846075916927186,0.998793682731536,0.0921990299601883,0.4269257472381412
400,0.425,0.5,14,0.6868870863456504,0.4836357993588108,0.2498278486148166,0.9987601578408054,0.0526286900107987,0.4297911089848525
400,0.425,0.5,15,0.6630029739057364,0.4616820661676081,0.2412438820964613,0.9990055838219944,0.0528532934491983,0.4012066867212122
400,0.45,0.5,1,0.5714000776571293,0.3433962071161052,0.1335066123783621,0.9986327850102014,0.0870787117269525,0.4604830949925375
400,0.45,0.5,2,0.6528478271338511,0.4338182806838764,0.1979959332980337,0.9979518152242192,0.0228218861113747,0.4447552675627766
400,0.45,0.5,3,0.5632556822855223,0.3393047846740578,0.1355949593839251,0.9987216020415588,0.0386868497967851,0.4518491820471154
400,0.45,0.5,4,0.5270531964583856,0.2936169334147869,0.0990462086473881,0.9985688554900772,0.0919189191435256,0.4691978451248759
400,0.45,0.5,5,0.6419013958269957,0.4290253254831637,0.2040077426154907,0.9987544837578802,0.0648106909990557,0.4288818679504287
400,0.45,0.5,6,0.5172859249556999,0.2867912703498764,0.098359064219907,0.9983302982326108,0.0343551444288007,0.4613594156986101
400,0.45,0.5,7,0.5446795193751762,0.3151192063610928,0.1146107701856427,0.9984952663320636,0.0539451081072501,0.4620332697615855
400,0.45,0.5,8,0.6209766540403941,0.4011301313649283,0.1775173219392719,0.9987203649609692,0.1082215250963652,0.446847289434705
400,0.45,0.5,9,0.5265315607487997,0.2984411141888601,0.1073668257870561,0.9985337870438962,0.0298440535988532,0.4521347774293081
400,0.45,0.5,10,0.6127395574392027,0.3872260351616909,0.1626603402360434,0.998266634431775,0.0927369916702245,0.449818850309311
400,0.45,0.5,13,0.6082966809657566,0.3913338402086904,0.1746456878872813,0.998914322698974,0.0235881802143631,0.4405333129549161
400,0.45,0.5,14,0.5228441742951352,0.2965471407329645,0.106980010379353,0.9987235595333812,0.0372811978373617,0.4632107364711345
400,0.45,0.5,15,0.571138342123653,0.3437334025423668,0.134855071100302,0.998576959316836,0.1021569917781939,0.4529190771638599
400,0.45,0.5,16,0.5637711215623269,0.3324380580541335,0.1251024713788514,0.9982937353516158,0.087300943597539,0.4581083634814672
800,0.3,0.5,7,0.933985201424652,0.8731654171427312,0.7651843046176457,0.9970668292967628,0.0256836185829625,0.3002107201629391
800,0.325,0.5,1,0.9048550107329196,0.8206791402476515,0.6790460820693379,0.9982660097991236,0.0446666799226068,0.3296682235143835
800,0.325,0.5,6,0.902627972883468,0.816431401748622,0.6716219138572674,0.9981049667808812,0.0283855721599801,0.3185691000946816
800,0.325,0.5,7,0.9029925922327332,0.8168316340105042,0.6716061160777208,0.99763267321824,0.0241204609811787,0.3200007554271886
800,0.325,0.5,11,0.9056262997982204,0.8226153475056852,0.6832700164701164,0.998692013732562,0.0217962566264184,0.3202734777438691
800,0.325,0.5,12,0.9102211352220722,0.8318938606142261,0.7008776207698144,0.9992499831246364,0.0281355130581799,0.3243460689469644
800,0.325,0.5,15,0.9008148347324044,0.8134229147929396,0.6675297749833513,0.9980512018921314,0.027715783392557,0.3163235531108342
800,0.35,0.5,2,0.875371330577391,0.7695084896206137,0.5995664370368242,0.9988475809419912,0.0258889695278469,0.3557919539226839
800,0.35,0.5,7,0.8694263276963208,0.758231425401213,0.5812350581228093,0.9985996657143508,0.0310155095563717,0.3454543316543864
800,0.35,0.5,8,0.8287697043723189,0.693355023244618,0.4954326900620988,0.9991195607967138,0.0319161112061785,0.3597850651470186
800,0.35,0.5,11,0.8665470622788216,0.7544879255891696,0.5781829792441279,0.998880515920612,0.0328819677550269,0.3477112324255572
800,0.35,0.5,13,0.8761536283141766,0.7716445623548446,0.6059245232291927,0.9988327006007184,0.0439056472424117,0.3367722571070826
800,0.35,0.5,14,0.8486926664947023,0.7252202338482829,0.537520465377022,0.999077863944902,0.0217981630588864,0.3577902681576662
800,0.375,0.5,1,0.8053631593976672,0.6566362340531008,0.4480510783757512,0.9991535660383788,0.0413652325777186,0.3647269661378117
800,0.375,0.5,2,0.7622933609230474,0.5922871636079586,0.3716759197660835,0.9992935180822194,0.1095247791991922,0.3784781151282445
800,0.375,0.5,4,0.8161223072549909,0.6709606972561908,0.4606881560491867,0.9989551159685452,0.0567716850405872,0.3733207039488748
800,0.375,0.5,5,0.7504145772923463,0.5790118478472749,0.3623080485548005,0.9995013700271718,0.0294482304619485,0.3751198272508524
800,0.375,0.5,7,0.7992551534915888,0.6471693262276534,0.4346486508866557,0.9993151773143804,0.0661602840593228,0.3793319756627397
800,0.375,0.5,8,0.7882042326523686,0.6290600424536562,0.4108607709347934,0.9992462300720636,0.0234711717198178,0.3766279566979905
800,0.375,0.5,9,0.8126732233724493,0.6677458920467338,0.4622287655267247,0.9992033047132036,0.0316743002700627,0.3736309149113996
800,0.375,0.5,11,0.8043393230851841,0.6578587319742409,0.4508568213141224,0.9995048493851753,0.020630756278176,0.3829996119487229
800,0.375,0.5,14,0.8341371241984907,0.701091374380974,0.5029746832351697,0.999137113989476,0.0312100409138189,0.3616061998554432
800,0.4,0.5,1,0.7731855037762588,0.6048131814348653,0.3773927100563531,0.9992487619234052,0.0521180989656566,0.3935723406105399
800,0.4,0.5,3,0.7053471062758673,0.5080102210463723,0.2733649904788212,0.9992279672277202,0.04441731795236,0.4150656735997596
800,0.4,0.5,4,0.6849330452393639,0.4905185225758023,0.2711789208602377,0.999558050289082,0.1119557812215787,0.4023504599081163
800,0.4,0.5,5,0.6972016993697547,0.5000268994846059,0.2718569574389888,0.9993111970490604,0.0309598757052307,0.4026801643220969
800,0.4,0.5,6,0.745802743782096,0.5660932984006263,0.338414745050865,0.9992205369598036,0.0232574109818203,0.3791914395253149
800,0.4,0.5,7,0.6955070765997292,0.5012655675113414,0.275950848740313,0.999505465259518,0.1287079641401965,0.4009833487746125
800,0.4,0.5,9,0.7538249570268707,0.5771304315457372,0.3466642834552319,0.9992971128173342,0.0222077909423644,0.399934572030628
800,0.4,0.5,10,0.7157570142092391,0.5266931421064988,0.2979713513003155,0.9994024735091976,0.0299348514765271,0.397178727409082
800,0.4,0.5,12,0.7032047024033105,0.5056122711419345,0.2716808536351274,0.999250386795278,0.0822349567050527,0.408749151926481
800,0.4,0.5,13,0.6964756985114459,0.5022190461025107,0.2767589234336645,0.99948040164431,0.0204901147844227,0.4022864754303736
800,0.4,0.5,14,0.7773536699293535,0.608749714402938,0.3797991327811481,0.9990326872198028,0.027749858765353,0.4035850677048936
800,0.4,0.5,15,0.7345839418323142,0.5511489864225145,0.3226944658435078,0.9993568588948392,0.0535931297114961,0.3960809889800397
800,0.425,0.5,2,0.6050906138831635,0.3933214925356059,0.1823624795393607,0.9995705140205058,0.153880574072436,0.4287058474091908
800,0.425,0.5,3,0.6005870568534697,0.3796938252513865,0.1659440583971554,0.9993804458881824,0.0300178281539169,0.4257705894418624
800,0.425,0.5,4,0.6185547162855025,0.4049076122969657,0.1887041820423131,0.9995305703811024,0.0406204368156295,0.4243399533364486
800,0.425,0.5,5,0.6502289606012763,0.4377506726060708,0.2096740364822636,0.9993732604259928,0.0798049730109822,0.4284013258897203
800,0.425,0.5,6,0.678167476558246,0.4705934386634224,0.2366600944329664,0.9992076052345178,0.0779083823647414,0.4201208681294725
800,0.425,0.5,7,0.6497097767759406,0.4405600594270678,0.2144398306594916,0.9994872405244652,0.0802693681308721,0.4206665307360684
800,0.425,0.5,9,0.6529408956724039,0.4400133033834106,0.2107653067257389,0.9993092930497928,0.0861521376815092,0.4257682521216602
800,0.425,0.5,12,0.6874006610570492,0.4823914768151594,0.2464503693239775,0.999165952896059,0.0459653340430009,0.421728251623969
800,0.425,0.5,13,0.6427007275050338,0.4265730049642483,0.1994172330777177,0.9992782347188844,0.0446340931091526,0.4238864825814389
800,0.425,0.5,14,0.6088970785125739,0.3904668667245142,0.1731938782601142,0.9994766860892152,0.0794710194564795,0.4373913098929474
800,0.425,0.5,16,0.6057548662866428,0.3872893118982397,0.1714076328319561,0.9994830997119172,0.1028599820132342,0.4365005015261301
800,0.45,0.5,1,0.5342798819820092,0.3062585771078083,0.1115816289181234,0.9992708475249574,0.0970855788952371,0.4480313215854035
800,0.45,0.5,2,0.6180686871036152,0.3989121127511185,0.1757315716114231,0.9993805269956084,0.0226350603676656,0.4397712723265259
800,0.45,0.5,4,0.5269604089165517,0.2924049916982696,0.0987105709387184,0.9990995092584288,0.0287709292833507,0.4592817146649148
800,0.45,0.5,5,0.5451056274455212,0.3186467312587366,0.1200297485754785,0.9992906186946572,0.0303325542750758,0.4439281659828934
800,0.45,0.5,6,0.5240228133863637,0.2894958994422923,0.0968138923541181,0.999034473886441,0.0458812167932693,0.4590234434866876
800,0.45,0.5,7,0.493731088820713,0.2632645472125092,0.0845732641587044,0.99916269305071,0.0853500377708855,0.4562100561941575
800,0.45,0.5,9,0.6322354094143242,0.4087672017719717,0.1762179462315448,0.9990926717673886,0.0747080328601744,0.4538995661580646
800,0.45,0.5,10,0.5122146572922684,0.2829368460505847,0.0965188454402764,0.999191522841468,0.021648335548522,0.4482732126912368
800,0.45,0.5,11,0.5095274134243467,0.2841194968751985,0.0997189466032711,0.9993076162503276,0.0599487724899567,0.4493525717662268
800,0.45,0.5,12,0.6042172916632463,0.3767392779360773,0.154296495956044,0.9991656247905208,0.0675236010894685,0.4481817886012405
800,0.45,0.5,13,0.50414057610389,0.2779619846919477,0.0960446572205583,0.9992778939554288,0.0246642533740234,0.4435420383951686
800,0.45,0.5,15,0.5244030787605296,0.2943836104562378,0.1034085497883172,0.9992217538757796,0.0910049350487366,0.4470999614908963
800,0.45,0.5,16,0.5192321038131641,0.2920779064956711,0.1029392617131981,0.9993492459020236,0.0758523193590758,0.4581000492675315
1600,0.3,0.5,10,0.9335154319028292,0.873480202925954,0.7683467586805419,0.9993508730857116,0.0281650643730961,0.2963418703125858
1600,0.325,0.5,1,0.9135961926016282,0.8357010413532269,0.7016626855368043,0.9985452651888708,0.021137068958333,0.3269798100958828
1600,0.325,0.5,5,0.9051775937831807,0.8212092084117707,0.6799623644857424,0.999031010535526,0.030345363763072,0.3232620336189675
1600,0.325,0.5,8,0.9042718364102236,0.8186140857098185,0.6729351500766108,0.9983564796972584,0.0305356090885021,0.3295640762968211
1600,0.35,0.5,4,0.8815975239555768,0.7793774618947505,0.6134689037561045,0.9991116490288638,0.0351125408100672,0.3457087284055166
1600,0.35,0.5,5,0.8715587699817634,0.7612533791104709,0.5841491779798617,0.9988262913960227,0.0206335680033024,0.3487896975365079
1600,0.35,0.5,10,0.8643359495466065,0.7542419536864184,0.5844771960716665,0.9996662314209884,0.0703147103182625,0.3416411396424279
1600,0.35,0.5,11,0.8610899069990255,0.7444818191038953,0.5621522342858798,0.9992982475746548,0.0379999205459166,0.3594882455718827
1600,0.35,0.5,12,0.8848714603986632,0.784124546838839,0.6181605097601675,0.9986722654590514,0.0212183877562321,0.3490347957078135
1600,0.35,0.5,15,0.8843781485627387,0.7881845490536381,0.6341521613254674,0.99970638239986,0.0371309074960619,0.3439325109518092
1600,0.375,0.5,1,0.828701587212085,0.6892667368972193,0.4811838820496885,0.9991970273518176,0.0437257064257438,0.3761937499682169
1600,0.375,0.5,2,0.799779319410172,0.6468544386344234,0.4334493619709799,0.9995460224098708,0.0761096908248546,0.3740385907937962
1600,0.375,0.5,5,0.8057685841323974,0.6534091939928857,0.4360118802534504,0.9992926089544092,0.0296729600214128,0.3783094088529895
1600,0.375,0.5,6,0.8188704209338595,0.6741570748871871,0.4630986104460873,0.999208959323238,0.0410799524112163,0.3752442077745874
1600,0.375,0.5,7,0.7891980040716877,0.6339726975036325,0.4208392557747589,0.9997346737947886,0.0549256982677299,0.3778340505207225
1600,0.375,0.5,12,0.8215154457124032,0.6791439425020224,0.4711357865688446,0.9993166804025664,0.020572062869326,0.3682189200661988
1600,0.4,0.5,2,0.68259658901804,0.4886246089318787,0.2670091165456872,0.9998022496332016,0.0433072594593819,0.4041209654899281
1600,0.4,0.5,3,0.7090839122400939,0.5162316710838041,0.2855029428256103,0.9997042403612144,0.0517357170565866,0.4065780836896922
1600,0.4,0.5,4,0.7548671158986876,0.5761055060668278,0.3442462823522567,0.9994099331809784,0.0343868015805817,0.3976844888714412
1600,0.4,0.5,5,0.7149863083753917,0.5217451246246548,0.288990142178405,0.9996128361209068,0.0465342929289239,0.4053657606914439
1600,0.4,0.5,8,0.7587164782500022,0.5825247851507122,0.351206667483424,0.9996258642874636,0.023368774159217,0.4078176840954325
1600,0.4,0.5,10,0.6986153704239284,0.5015254016272,0.2734637401639594,0.999651704614453,0.0500502505268252,0.4006578645950421
1600,0.4,0.5,11,0.7217192378265714,0.5290719670765208,0.2946107788459339,0.9995076064734212,0.0333059209420769,0.4017715507407915
1600,0.4,0.5,12,0.7084576678236301,0.511800328877467,0.2767334849506593,0.9995948936640192,0.051306998790646,0.40532948351935
1600,0.4,0.5,13,0.7371491515860243,0.5522456864761288,0.3203008601994495,0.9995516494216494,0.0398708206295949,0.4017627711738759
1600,0.4,0.5,14,0.730651294997059,0.5495280326418042,0.3214352154777262,0.9997735477770168,0.0483977799530601,0.4027164784401603
1600,0.4,0.5,15,0.7339324817326799,0.5448406428025874,0.308634975353684,0.9993606330698372,0.0253288533565873,0.4008505830226537
1600,0.425,0.5,1,0.6588586105836627,0.4483140613366321,0.2196086210799621,0.9996923550069484,0.0302279852040771,0.4201229077762268
1600,0.425,0.5,4,0.608590365282411,0.3928666168305176,0.1786648302199993,0.9997402249742192,0.0665896334341745,0.4240215593703705
1600,0.425,0.5,5,0.6085584949746715,0.3903859726653496,0.1734411269733475,0.9997138586010628,0.1125368907864733,0.4241774215506373
1600,0.425,0.5,7,0.6783192067985692,0.4694515224306146,0.2344773874138705,0.999592574047063,0.0345648620416692,0.4222665608571599
1600,0.425,0.5,8,0.6011067918492032,0.3805884393503173,0.1634530658044393,0.9997159317978808,0.0371692217849454,0.4314084555875156
1600,0.425,0.5,10,0.6573618664823981,0.4489442700347272,0.220904268680583,0.999734318589066,0.1128171900504658,0.4256485374458448
1600,0.425,0.5,11,0.6325724555894034,0.4137137135535809,0.1874592938541586,0.9996440362380098,0.0816516442845074,0.424904442278053
1600,0.425,0.5,12,0.64635255750562,0.4452841267430299,0.2281637135660545,0.9998253314453543,0.0365102556008259,0.4211887603027971
1600,0.425,0.5,13,0.5961782742626399,0.3765560828218308,0.1657552372178314,0.9997177923148618,0.1519829349674105,0.4240812464850426
1600,0.425,0.5,14,0.6566053448033569,0.4403617974101511,0.2057758439883855,0.9995587116372132,0.0858067856118927,0.42821105035856
1600,0.425,0.5,15,0.6378217058706214,0.422175160185577,0.1968180606947535,0.99969289874064,0.0206320272718601,0.4259623799947089
1600,0.425,0.5,16,0.587602239255233,0.3705008276695887,0.1617313304751741,0.9997795861464294,0.0500054853161968,0.4305427466874378
1600,0.45,0.5,1,0.5392166694755041,0.3088938451178806,0.1113382496762022,0.9996264765519322,0.1036221795425124,0.4509611280553801
1600,0.45,0.5,2,0.6091673196075379,0.388446240198876,0.1685732329309384,0.9996943503278368,0.0700846752573245,0.4428478364597064
1600,0.45,0.5,3,0.5914853065193901,0.36354490738225,0.1451206976860264,0.9996558562353148,0.1212721031844165,0.4538460545997448
1600,0.45,0.5,4,0.5508214170264342,0.3224362118732206,0.1197766050586285,0.9996898139033245,0.1811015228786109,0.4569659759542366
1600,0.45,0.5,6,0.5274713643951685,0.3028906831673144,0.1110242418296343,0.9997324465763044,0.0843049251256625,0.4568205051988785
1600,0.45,0.5,7,0.5541082192544599,0.3223007436646956,0.1181097907281367,0.9995929369749516,0.1332947315131675,0.455470037168842
1600,0.45,0.5,9,0.4964323934182607,0.2684529461627865,0.0894324615141688,0.9996249597052914,0.032293336606597,0.4537996818872344
1600,0.45,0.5,10,0.5420631680660072,0.3153484113788021,0.1162691602524925,0.999682931283276,0.0564681271948517,0.4514965539751402
1600,0.45,0.5,11,0.5195199196947987,0.2911405726791927,0.1019095572780972,0.9996146076341764,0.0611171289090413,0.4501749803435027
1600,0.45,0.5,12,0.5401504112315609,0.3158162687288641,0.121042886701965,0.9996835609223708,0.0527440942517827,0.4403933354692074
1600,0.45,0.5,13,0.4791182986928066,0.2554503374038405,0.0853021259057437,0.9996478615052908,0.061980231695819,0.4445998935876952
1600,0.45,0.5,15,0.5403583363663906,0.3116383263758064,0.1135428048180822,0.9996605998203302,0.0767428854890425,0.4549775838408119
1600,0.45,0.5,16,0.4877746210399465,0.2584660570757499,0.0823616148159097,0.9995719219500858,0.0474887609250977,0.4517550553763714
