N,noise,sigma_std,phi_mean,chi_temporal,chi_between,chi_pooled,binder,max_drift,failed_drift,n
100,0.5,0.0,0.958773964982667,0.1401981123900324,0.0015287463476432572,0.14172685873767565,0.6649673073417877,0.0251190074957866,1,16
100,0.5,0.025,0.9574285798523893,0.13431509050010546,0.0016802057711482463,0.1359952962712537,0.6649736953155552,0.0172196355695394,0,16
100,0.5,0.05,0.9604837330185151,0.11468704921891865,0.0004889164501334121,0.11517596566905206,0.6652096048688041,0.0194050413081593,0,16
100,0.5,0.075,0.9577254638073449,0.1383339219467629,0.0013074464229410668,0.13964136836970395,0.6649545115518594,0.0192698369940678,0,16
100,0.5,0.1,0.9581267920711136,0.1423222274888232,0.002044367909794173,0.14436659539861738,0.6648854011259431,0.0351038928638567,1,16
100,0.5,0.125,0.9569035253306355,0.14238335316272901,0.0011468888842263128,0.14353024204695533,0.664846904443675,0.0171852487302205,0,16
100,0.5,0.15,0.9574663711542447,0.13301960276355038,0.001163240642703418,0.1341828434062538,0.6650164202364157,0.019329693331149,0,16
100,0.5,0.175,0.9544902392535511,0.1555467535696034,0.0024966916747112644,0.15804344524431466,0.6646969927507158,0.0278153319241392,2,16
100,0.5,0.2,0.9514708809482977,0.2116191587022316,0.0026474003027119643,0.21426655900494357,0.6641249157918604,0.0319147383638303,3,16
100,0.5,0.225,0.9475755718461216,0.21522380840929625,0.003186832412779646,0.2184106408220759,0.6639526697351574,0.0237106269152982,1,16
100,0.5,0.25,0.9392026376585395,0.3204319537091944,0.01275123761639439,0.3331831913255888,0.6626632296909812,0.0319697435077042,5,16
100,0.5,0.275,0.9232242136198026,0.5046573836185342,0.018265894190810053,0.5229232778093442,0.6603047296151987,0.0585057021256019,5,16
100,0.5,0.3,0.9048478701983638,0.787469055987404,0.08946167483532001,0.876930730822724,0.6565096374889955,0.0562098263097061,7,16
100,0.5,0.325,0.8619815137984556,1.3429968072464098,0.12812841127690372,1.4711252185233135,0.6486319558515361,0.0608207374375705,10,16
100,0.5,0.35,0.8323984456775586,1.647688410922373,0.08662647523213075,1.734314886154504,0.6444673627838111,0.0723470797961681,10,16
100,0.5,0.375,0.7890818227808742,1.793993430711796,0.11509045259058032,1.9090838833023762,0.6382798212414882,0.0736081393023332,9,16
100,0.5,0.4,0.7230665713487295,2.17617642905239,0.14598520216956823,2.322161631221958,0.6266555962282807,0.1081778076922441,13,16
100,0.5,0.425,0.629207559755234,2.6411552244117513,0.1777419434919105,2.818897167903662,0.6039410341404813,0.1118511078326169,13,16
100,0.5,0.45,0.5608778762904824,2.4159525743432932,0.25039405444439056,2.666346628787684,0.5904061819384319,0.1659390609206381,13,16
200,0.5,0.0,0.9736669399244005,0.034047962085168026,0.0003743624284216058,0.03442232451358963,0.6664339807546402,0.0074396595367005,0,16
200,0.5,0.025,0.973565929595626,0.03868788298358461,0.00062846183883858,0.03931634482242319,0.6664046369681282,0.008133118001775,0,16
200,0.5,0.05,0.9729845992759188,0.03762617504532856,0.0006431332657858784,0.038269308311114435,0.6664086269565124,0.006098871344722,0,16
200,0.5,0.075,0.9725388173302596,0.039897811031791575,0.0003990695715416267,0.0402968806033332,0.666394097206666,0.0105119073218629,0,16
200,0.5,0.1,0.9720814128675752,0.03841125945717727,0.0007097060645413941,0.03912096552171867,0.6664015662835561,0.0098338543013931,0,16
200,0.5,0.125,0.9724523579247822,0.039589331534796435,0.0007148079023158453,0.04030413943711228,0.6663961157094995,0.0074217284872374,0,16
200,0.5,0.15,0.9721282103870781,0.03974344512923805,0.0009599946568802223,0.040703439786118276,0.66639261771119,0.0076367164479655,0,16
200,0.5,0.175,0.9708622898474236,0.04907137256956462,0.00039662736488748517,0.049467999934452105,0.6663344877501988,0.0081440948016046,0,16
200,0.5,0.2,0.967167899650127,0.06610988859456352,0.0011607100707119137,0.06727059866527543,0.6662121458237755,0.0171216419207081,0,16
200,0.5,0.225,0.9634722063479368,0.10228105966633289,0.003966965510235189,0.10624802517656808,0.6659764506473935,0.0160057510445181,0,16
200,0.5,0.25,0.95689086540127,0.18376789269373833,0.015201124890485064,0.1989690175842234,0.6653935179808756,0.0137757976663511,0,16
200,0.5,0.275,0.9431026900297019,0.3755127280630474,0.017951137511410777,0.39346386557445817,0.664170675266369,0.0193090786077746,0,16
200,0.5,0.3,0.9289798838879728,0.5933668235044667,0.05591098192787253,0.6492778054323392,0.662663247807945,0.0323712037880231,4,16
200,0.5,0.325,0.892178573701587,1.2590199163693057,0.07353313138309188,1.3325530477523975,0.6582974818863512,0.0618876745045281,6,16
200,0.5,0.35,0.8494807302884937,1.9843032620465704,0.09417108773629218,2.0784743497828626,0.652841723666663,0.050439473100153,7,16
200,0.5,0.375,0.7982448706897387,2.8153667749056948,0.18278617916411444,2.998152954069809,0.6453867597164794,0.0886435832136149,14,16
200,0.5,0.4,0.7355210822376667,3.100247719144114,0.24127038413770752,3.3415181032818215,0.6381459548659448,0.1083268422022124,11,16
200,0.5,0.425,0.6754152617801967,3.4281614709774395,0.2540770629279799,3.6822385339054193,0.6308654886321681,0.0762230749252469,11,16
200,0.5,0.45,0.5735187631987698,3.7808342544592755,0.38255532497814915,4.163389579437425,0.6112518282446548,0.1036135576727483,12,16
400,0.5,0.0,0.9789541729702158,0.014466686897790515,0.00012345841771363257,0.014590145315504148,0.666616673958332,0.0055039315775937,0,16
400,0.5,0.025,0.9794091483405991,0.012647067442964066,0.0003047993029560162,0.012951866745920082,0.6666222554667747,0.0023781182899834,0,16
400,0.5,0.05,0.9791760587873635,0.012130444842672894,0.0002134606844841975,0.012343905527157091,0.6666242822663759,0.0049678653439035,0,16
400,0.5,0.075,0.9785686992329435,0.013898682254995243,0.0002411299949598642,0.014139812249955107,0.6666180929594758,0.0028300631117409,0,16
400,0.5,0.1,0.9789834483963837,0.011692811835189998,0.0002793109753275352,0.011972122810517533,0.6666255083574528,0.0029154712522457,0,16
400,0.5,0.125,0.9782505336561318,0.012805067943374993,8.978216699571142e-05,0.012894850110370703,0.6666222346604453,0.0021390649214773,0,16
400,0.5,0.15,0.9776447089725755,0.01568430277764654,0.0002560412078032361,0.015940343985449777,0.6666118742874116,0.0030448690577999,0,16
400,0.5,0.175,0.9769201420923568,0.01584413295009912,0.000410905835624433,0.016255038785723555,0.6666106530207025,0.0038616942656881,0,16
400,0.5,0.2,0.9745509025626692,0.026474118384609002,0.000648101567267242,0.027122219951876244,0.6665733348164982,0.0051580610826564,0,16
400,0.5,0.225,0.9726282890531157,0.03480772259877862,0.001248128044040864,0.036055850642819486,0.6665427275934328,0.0046936502876833,0,16
400,0.5,0.25,0.9661396819941789,0.09679328768547879,0.007653120061219476,0.10444640774669826,0.6663141537122719,0.0116465922224217,0,16
400,0.5,0.275,0.9533530600512694,0.2638711963428797,0.00608332467352862,0.2699545210164083,0.6657575490670378,0.0151556473940319,0,16
400,0.5,0.3,0.936382648447607,0.5200674374296804,0.051407079948685694,0.5714745173783661,0.664768588451117,0.0309059124740406,1,16
400,0.5,0.325,0.9092106610464953,1.1100213980425933,0.05202056233030462,1.162041960372898,0.6628339640795404,0.0425963379912438,5,16
400,0.5,0.35,0.8730528118841345,1.9265342951050175,0.1586773233629844,2.085211618468002,0.6597991229034463,0.0960322595603739,8,16
400,0.5,0.375,0.8241254266281207,3.2104991697992995,0.21114047851958856,3.4216396483188882,0.6543668365566432,0.0543816438745494,9,16
400,0.5,0.4,0.7469072646006722,4.358125338007983,0.5197611776583747,4.877886515666358,0.6458205560230379,0.0827558243246255,8,16
400,0.5,0.425,0.6636986497304187,6.36348884293525,0.5141843238607268,6.877673166795977,0.6323566212427373,0.1137132429201889,10,16
400,0.5,0.45,0.5748578659504469,7.051712876332002,0.7579485277077271,7.809661404039729,0.6152052565778285,0.1082215250963652,14,16
800,0.5,0.0,0.9797184256086473,0.01501924530855625,0.0002988034587873938,0.015318048767343644,0.666640335559254,0.0037072920191082,0,16
800,0.5,0.025,0.9794585836411897,0.016322339497248928,0.00025122944685750424,0.016573568944106432,0.6666381457289476,0.0020626305949037,0,16
800,0.5,0.05,0.9790851145315913,0.01851719304374888,0.0003056861327139465,0.018822879176462828,0.6666342792249818,0.0017153512265438,0,16
800,0.5,0.075,0.9792140678534711,0.01578554567074897,0.0002940022271064678,0.016079547897855435,0.6666389345405292,0.0017672701912666,0,16
800,0.5,0.1,0.9790459453645981,0.016896039999053647,0.0003408666877483224,0.01723690668680197,0.6666369500257826,0.0035997346610324,0,16
800,0.5,0.125,0.9785399920988287,0.017896352915158786,0.00023097163739266974,0.018127324552551456,0.6666353911448473,0.0023972689297764,0,16
800,0.5,0.15,0.9781155816454384,0.016489397827401664,0.00025030069703146614,0.01673969852443313,0.6666377318345866,0.00229914911594,0,16
800,0.5,0.175,0.9774839985805085,0.01981321683534043,0.0009149058075081761,0.020728122642848606,0.6666308242902749,0.0031260499565941,0,16
800,0.5,0.2,0.9756211564827559,0.028769014368718038,0.0004254978174932758,0.029194512186211313,0.6666161778638103,0.0025781203416025,0,16
800,0.5,0.225,0.9723435155274622,0.05317135825607111,0.003010496346144606,0.05618185460221572,0.666569775341769,0.0037806149274749,0,16
800,0.5,0.25,0.9641692109263047,0.15458750676660138,0.015224156066890947,0.16981166283349233,0.6663731298457277,0.0097290045414747,0,16
800,0.5,0.275,0.9540237825691997,0.348693475690498,0.021443589218177423,0.37013706490867543,0.6660329283238697,0.0138161392307055,0,16
800,0.5,0.3,0.9285269033083385,0.9176220758070397,0.08810154393539789,1.0057236197424375,0.6649050380514212,0.0256836185829625,1,16
800,0.5,0.325,0.901894376027734,1.7215421581650459,0.08099354852817138,1.8025357066932173,0.6634445702644066,0.0446666799226068,6,16
800,0.5,0.35,0.8600604286036482,3.757359455843706,0.2578263142530284,4.015185770096735,0.6596825836667166,0.0439056472424117,6,16
800,0.5,0.375,0.805469426841827,6.071605305162486,0.43659125659244524,6.508196561754931,0.6541422658744585,0.1095247791991922,9,16
800,0.5,0.4,0.728425876430741,8.729389974137755,0.7733736959975482,9.502763670135304,0.6455134306671848,0.1287079641401965,12,16
800,0.5,0.425,0.6390148535392798,13.698845894111278,0.8951292462923054,14.593975140403582,0.6277067376037093,0.153880574072436,11,16
800,0.5,0.45,0.5457149632750968,14.35484001855873,1.5060632549442077,15.860903273502938,0.608841260162551,0.0970855788952371,13,16
1600,0.5,0.0,0.9831819700742274,0.0071005064888329805,4.220142815086598e-05,0.007142707916983846,0.666660526605561,0.000754736534713,0,16
1600,0.5,0.025,0.9832551879503176,0.00694438014633425,4.598458856552665e-05,0.006990364734899777,0.6666606586770158,0.0009705996383314,0,16
1600,0.5,0.05,0.9829765739934125,0.007952458336968338,5.2558312907637844e-05,0.008005016649875976,0.6666597840899802,0.0014248566060561,0,16
1600,0.5,0.075,0.9830175750094783,0.008448388851900468,9.869099361069171e-05,0.00854707984551116,0.6666593297423897,0.0009798797312174,0,16
1600,0.5,0.1,0.9827811901635573,0.007848298047319346,9.158723208759684e-05,0.007939885279406943,0.6666598367502194,0.0007016909900392,0,16
1600,0.5,0.125,0.9825479049562448,0.00766318812794875,0.00011916953184119512,0.007782357659789945,0.6666599684187957,0.0005897774983991,0,16
1600,0.5,0.15,0.9821243484025879,0.009341724635114623,0.00017546344245370545,0.00951718807756833,0.6666584741576744,0.0012973047506072,0,16
1600,0.5,0.175,0.9814185231657055,0.011144589018441398,0.00010536398939987507,0.011249953007841273,0.6666569796955804,0.0014512691207125,0,16
1600,0.5,0.2,0.9800367676731412,0.016000678520899925,0.0007697085272168286,0.016770387048116755,0.6666522022801118,0.0011966781881306,0,16
1600,0.5,0.225,0.9777848089286987,0.027648066008101324,0.0029875425974260623,0.030635608605527387,0.6666402003809528,0.0017317331376376,0,16
1600,0.5,0.25,0.9719230555067746,0.08084905886776017,0.006513214330472551,0.08736227319823273,0.6665907440795402,0.003657692072077,0,16
1600,0.5,0.275,0.9607680228485752,0.28305835713242633,0.015441912730404246,0.29850026986283057,0.6664059308981589,0.0090720536334615,0,16
1600,0.5,0.3,0.9406356147559034,0.946261047269148,0.056532702230583876,1.0027937494997319,0.6658157745290889,0.0281650643730961,1,16
1600,0.5,0.325,0.9147305412279595,1.6776836455435817,0.1126146770049479,1.7902983225485296,0.6650309610957403,0.0305356090885021,3,16
1600,0.5,0.35,0.8754711657293806,4.221551054450535,0.18532375738252532,4.40687481183306,0.6627120222810574,0.0703147103182625,6,16
1600,0.5,0.375,0.820000108540721,7.924865312747864,0.5676534093041203,8.492518722051983,0.6584317586357313,0.0761096908248546,6,16
1600,0.5,0.4,0.7253741675823812,17.83717881210654,0.773276298962307,18.61045511106885,0.6458512478193295,0.0517357170565866,11,16
1600,0.5,0.425,0.6419231622806314,25.08022023133019,1.8313017902846007,26.911522021614793,0.6311699718984132,0.1519829349674105,12,16
1600,0.5,0.45,0.5369697315573865,31.048201012193616,2.7632218192746136,33.81142283146823,0.6042914013725692,0.1811015228786109,13,16
